номер_листа;обозначение_линии;длина_мм;длина_м;формула;статус;замечания
1;LC_1029;4702;4,702;285 + 651 + 850 + 2916 = 4702 мм;ok;"локальная модель, без API; авто: D4 внутри D5"
2;LC_1031;4306;4,306;60 + 1950 + 34 + 650 + 840 + 522 + 250 = 4306 мм;ok;"локальная модель, без API; авто: D2 внутри D3"
3;LC_1032;16291;16,291;130 + 1300 + 692 + 1342 + 500 + 554 + 877 + 1900 + 100 + 6200 + 150 + 2546 = 16291 мм;ok;"локальная модель, без API; авто: D12 вернул участок, D13 вернул участок; авто: D12 внутри D13, D1 вернул участок, D5 вернул полный участок; авто: D1 внутри участка, D5 внутри участка, D1 вернул участок, D5 вернул полный участок; авто: D1 внутри участка, D5 внутри участка, D1 вернул участок, D5 вернул полный участок"
4;LC_1032;12050;12,050;11900 + 150 = 12050 мм;ok;"локальная модель, без API; авто: D1 габарит Н.О., D2 вернул участок, D4 вернул участок, D1 полный размер; авто: D1 габарит Н.О., D1 полный размер; авто: D1 габарит Н.О., D1 полный размер; авто: D1 габарит Н.О., D1 полный размер; авто: D1 габарит Н.О., D1 полный размер; авто: D1 габарит Н.О., D1 полный размер; авто: D1 габарит Н.О., D1 полный размер; авто: D1 габарит Н.О., D1 полный размер; авто: D1 габарит Н.О., D1 полный размер; авто: D1 габарит Н.О., D2 внутри D4, D1 полный размер; авто: D1 габарит Н.О., D1 полный размер; авто: D1 габарит Н.О., D1 полный размер; авто: D1 габарит Н.О., D3 внутри D4"
5;LC_1032;7273;7,273;1750 + 841 + 554 + 500 + 650 + 1342 + 206 + 1300 + 130 = 7273 мм;ok;"локальная модель, без API; авто: D8 внутри D9"
6;LC_1032;18579;18,579;150 + 2500 + 8300 + 1224 + 778 + 550 + 550 + 4527 = 18579 мм;ok;"локальная модель, без API; авто: D2 внутри D3, D4 внутри D5, D11 внутри D12; авто: D10 внутри D12"
7;LC_1032;18950;18,950;150 + 1300 + 1350 + 10400 + 1300 + 150 + 2262 + 2038 = 18950 мм;ok;"локальная модель, без API; авто: D12 вернул длину; авто: D7 внутри D12, D9 внутри D10, D11 внутри D5; авто: D6 полный участок, D4 внутри D6, D5 внутри D6, D7 вернул участок"
8;LC_1032;20379;20,379;450 + 5777 + 778 + 550 + 550 + 1324 + 8300 + 2500 + 150 = 20379 мм;ok;"локальная модель, без API; авто: D3 вернул участок; авто: D2 внутри D3, D8 внутри D9"
9;LC_1032;21125;21,125;2545 + 150 + 6200 + 80 + 12000 + 150 = 21125 мм;ok;"локальная модель, без API; авто: D6 габарит Н.О., D8 вернул участок, D9 вернул участок, D6 полный размер; авто: D6 габарит Н.О., D6 полный размер; авто: D6 габарит Н.О., D6 полный размер; авто: D6 габарит Н.О., D6 полный размер; авто: D6 габарит Н.О., D6 полный размер; авто: D6 габарит Н.О., D6 полный размер; авто: D6 габарит Н.О., D6 полный размер; авто: D6 габарит Н.О., D6 полный размер; авто: D6 габарит Н.О., D6 полный размер; авто: D6 габарит Н.О., D7 внутри D9, D8 внутри D9, D6 полный размер; авто: D6 габарит Н.О., D6 полный размер; авто: D6 габарит Н.О., D6 полный размер; авто: D6 габарит Н.О., D3 внутри D9"
10;LC_1032;6729;6,729;1820 + 877 + 554 + 500 + 1342 + 206 + 1300 + 130 = 6729 мм;ok;"локальная модель, без API; авто: D5 внутри D6, D8 внутри D9"
11;LC_1032;6623;6,623;1750 + 841 + 554 + 500 + 1342 + 206 + 1300 + 130 = 6623 мм;ok;"локальная модель, без API; авто: D5 внутри D6, D8 внутри D9"
12;LC_1034;8175;8,175;285 + 651 + 850 + 450 + 2400 + 34 + 3505 = 8175 мм;ok;"локальная модель, без API; авто: D10 габарит поверх D9; авто: D4 внутри D5, D6 внутри D7, D9 внутри D10, D10 вернул полный участок"
13;LC_1036;4306;4,306;60 + 1950 + 34 + 650 + 840 + 522 + 250 = 4306 мм;ok;"локальная модель, без API; авто: D2 внутри D3"
14;LC_1038;2202;2,202;285 + 651 + 850 + 416 = 2202 мм;ok;локальная модель, без API
15;LC_1040;4306;4,306;60 + 1950 + 34 + 650 + 840 + 522 + 250 = 4306 мм;ok;"локальная модель, без API; авто: D2 внутри D3"
16;LC_1042;10426;10,426;285 + 651 + 850 + 238 + 2463 + 2400 + 34 + 3505 = 10426 мм;ok;"локальная модель, без API; авто: D11 габарит поверх D10; авто: D7 внутри D8, D10 внутри D11, D11 вернул полный участок"
17;LC_1044;4306;4,306;60 + 1950 + 34 + 650 + 840 + 522 + 250 = 4306 мм;ok;"локальная модель, без API; авто: D2 внутри D3"
18;PW1_1009;23121;23,121;152 + 1607 + 305 + 305 + 2007 + 3507 + 305 + 8105 + 305 + 5913 + 305 + 305 = 23121 мм;ok;"локальная модель, без API; авто: D16 вернул участок; авто: D12 вернул участок; авто: D8 внутри D9, D15 внутри D16; авто: D4 внутри D12, D10 внутри D12, D13 внутри D12"
19;PW1_1009;30108;30,108;3623 + 305 + 305 + 3366 + 128 + 103 + 2364 + 1500 + 152 + 1532 + 6143 + 153 + 605 + 600 + 1206 + 305 + 305 + 6498 + 305 + 305 + 305 = 30108 мм;ok;"локальная модель, без API; авто: D13 габарит Н.О., D13 полный размер; авто: D13 габарит Н.О., D13 полный размер; авто: D13 габарит Н.О., D13 полный размер; авто: D13 габарит Н.О., D13 полный размер; авто: D13 габарит Н.О., D13 полный размер; авто: D13 габарит Н.О., D13 полный размер; авто: D13 габарит Н.О., D13 полный размер; авто: D13 габарит Н.О., D13 полный размер; авто: D13 габарит Н.О., D13 полный размер; авто: D13 габарит Н.О., D10 внутри D11, D12 внутри D23, D13 полный размер; авто: D13 габарит Н.О., D13 полный размер; авто: D13 габарит Н.О., D13 полный размер; авто: D13 габарит Н.О., D4 внутри D5, D12 вернул участок, D13 полный размер; авто: D13 габарит Н.О., D13 полный размер"
20;PW1_1009;67345;67,345;706 + 4024 + 178 + 4960 + 305 + 305 + 2613 + 305 + 9629 + 5600 + 21676 + 305 + 2507 + 14054 + 178 = 67345 мм;ok;"локальная модель, без API; авто: D9 вернул участок, D12 вернул участок, D13 вернул участок, D19 вернул участок, D11 вернул в сумму; авто: D20 вернул участок; авто: D7 внутри D8, D16 внутри D18, D19 внутри D20; авто: D14 полный участок, D9 внутри D11, D12 внутри D14, D18 внутри D20"
21;PW1_1009;22419;22,419;305 + 305 + 12898 + 305 + 3311 + 216 + 216 + 805 + 582 + 556 + 127 + 92 + 88 + 2613 = 22419 мм;ok;"локальная модель, без API; авто: D6 вернул участок; авто: D4 внутри D6; авто: D2 внутри D6, D5 внутри D6, D10 внутри D6"
22;PW1_1009;41278;41,278;178 + 2300 + 5657 + 305 + 305 + 2852 + 8373 + 2103 + 1754 + 3494 + 2650 + 2650 + 8479 + 178 = 41278 мм;ok;"локальная модель, без API; авто: D20 вернул участок, D21 вернул участок; авто: D19 внутри D21; авто: D2 внутри D3, D18 внутри D21, D20 внутри D21; авто: D9 внутри D8, D10 внутри D8, D18 вернул участок"
23;PW1_1010;19018;19,018;152 + 807 + 1607 + 1613 + 305 + 305 + 2007 + 3196 + 8416 + 305 + 305 = 19018 мм;ok;"локальная модель, без API; авто: D11 вернул участок; авто: D8 внутри D9, D10 внутри D11, D12 внутри D11"
24;PW1_1010;27566;27,566;5608 + 305 + 305 + 3603 + 305 + 305 + 807 + 4366 + 128 + 140 + 2365 + 1500 + 153 + 1532 + 6144 = 27566 мм;ok;"локальная модель, без API; авто: D14 внутри D15, D10 два прогона с D12; авто: D10 внутри D14, D10 два прогона с D12; авто: D10 внутри D14, D10 два прогона с D12; авто: D10 внутри D14, D10 два прогона с D12; авто: D10 внутри D14, D10 два прогона с D12; авто: D10 внутри D14; авто: D1 внутри D2, D7 вернул участок, D10 вернул полный участок; авто: D11 полный участок, D7 внутри участка, D10 внутри участка, D7 вернул участок, D10 вернул полный участок; авто: D7 внутри участка, D10 внутри участка, D7 вернул участок, D10 вернул полный участок"
25;PW1_1010;14766;14,766;153 + 605 + 597 + 1206 + 305 + 305 + 6478 + 305 + 305 + 1012 + 3495 = 14766 мм;ok;"локальная модель, без API; авто: D7 габарит Н.О., D8 внутри D10, D7 полный размер; авто: D7 габарит Н.О., D7 полный размер; авто: D7 габарит Н.О., D7 полный размер; авто: D7 габарит Н.О., D7 полный размер; авто: D7 габарит Н.О., D7 полный размер; авто: D7 габарит Н.О., D7 полный размер; авто: D7 габарит Н.О., D7 полный размер; авто: D7 габарит Н.О., D7 полный размер; авто: D7 габарит Н.О., D8 вернул участок, D9 вернул участок, D7 полный размер; авто: D7 габарит Н.О., D7 полный размер; авто: D7 габарит Н.О., D7 полный размер; авто: D7 габарит Н.О., D8 внутри участка, D9 внутри участка, D8 вернул участок, D9 вернул участок, D7 полный размер; авто: D7 габарит Н.О., D8 внутри участка, D9 внутри участка, D8 вернул участок, D9 вернул участок, D7 полный размер"
26;PW1_1011;27544;27,544;152 + 1607 + 1613 + 305 + 305 + 2007 + 3196 + 305 + 8416 + 305 + 305 + 2505 + 5913 + 305 + 305 = 27544 мм;ok;"локальная модель, без API; авто: D15 вернул участок; авто: D4 внутри D11; авто: D8 внутри D9, D4 вернул участок"
27;PW1_1011;31921;31,921;3603 + 305 + 305 + 806 + 4364 + 128 + 140 + 2371 + 1500 + 153 + 1532 + 6145 + 153 + 607 + 600 + 1206 + 305 + 305 + 6478 + 305 + 305 + 305 = 31921 мм;ok;"локальная модель, без API; авто: D18 габарит Н.О., D18 полный размер; авто: D18 габарит Н.О., D18 полный размер; авто: D18 габарит Н.О., D18 полный размер; авто: D18 габарит Н.О., D18 полный размер; авто: D18 габарит Н.О., D18 полный размер; авто: D18 габарит Н.О., D18 полный размер; авто: D18 габарит Н.О., D18 полный размер; авто: D18 габарит Н.О., D18 полный размер; авто: D18 габарит Н.О., D4 внутри D5, D12 внутри D23, D3 вернул участок, D18 полный размер; авто: D18 габарит Н.О., D18 полный размер; авто: D18 габарит Н.О., D18 полный размер; авто: D18 габарит Н.О., D3 внутри участка, D3 вернул участок, D4 вернул участок, D12 вернул участок, D18 полный размер; авто: D18 габарит Н.О., D3 внутри участка, D3 вернул участок, D18 полный размер"
28;PW1_1011;61497;61,497;706 + 3486 + 178 + 4960 + 305 + 2613 + 305 + 7629 + 1900 + 21676 + 2507 + 1000 + 14054 + 178 = 61497 мм;ok;"локальная модель, без API; авто: D16 вернул участок, D19 вернул участок, D22 вернул участок, D23 вернул участок; авто: D14 внутри D17; авто: D6 внутри D1, D7 внутри D15, D8 внутри D9, D10 внутри D15, D18 внутри D15, D19 внутри D15, D17 вернул полный участок, D17 габарит рядом с D13; авто: D17 вернул полный участок, D17 габарит рядом с D13; авто: D17 вернул полный участок, D17 габарит рядом с D13; авто: D16 внутри D12, D22 внутри D23, D6 вернул участок, D17 вернул полный участок, D13 внутри D17; авто: D13 вернул участок, D13 внутри D17"
29;PW1_1011;24655;24,655;305 + 305 + 12895 + 305 + 3311 + 305 + 216 + 216 + 902 + 638 + 638 + 127 + 4492 = 24655 мм;ok;"локальная модель, без API; авто: D6 вернул участок; авто: D4 внутри D6; авто: D2 внутри D6, D5 внутри D6, D7 внутри D6"
30;PW1_1012;28859;28,859;152 + 807 + 1607 + 1613 + 305 + 305 + 2007 + 3196 + 305 + 8727 + 5602 + 305 + 305 + 3623 = 28859 мм;ok;"локальная модель, без API; авто: D11 вернул участок, D14 вернул участок; авто: D8 внутри D9, D12 внутри D11, D13 внутри D11"
31;PW1_1012;31003;31,003;305 + 305 + 3366 + 128 + 140 + 102 + 2370 + 946 + 1500 + 152 + 1532 + 6146 + 153 + 605 + 1206 + 305 + 305 + 6498 + 305 + 305 + 4329 = 31003 мм;ok;"локальная модель, без API; авто: D20 габарит Н.О., D21 внутри D23, D5 вернул участок, D6 вернул участок, D20 полный размер; авто: D20 габарит Н.О., D20 полный размер; авто: D20 габарит Н.О., D20 полный размер; авто: D20 габарит Н.О., D20 полный размер; авто: D20 габарит Н.О., D23 внутри D24, D20 полный размер; авто: D20 габарит Н.О., D20 полный размер; авто: D20 габарит Н.О., D20 полный размер; авто: D20 габарит Н.О., D20 полный размер; авто: D20 габарит Н.О., D6 внутри D16, D7 внутри D5, D10 внутри D4, D12 внутри D4, D21 вернул участок, D20 полный размер; авто: D20 габарит Н.О., D20 полный размер; авто: D20 габарит Н.О., D20 полный размер; авто: D20 габарит Н.О., D16 внутри D17, D21 внутри участка, D6 вернул участок, D7 вернул участок, D10 вернул участок, D12 вернул участок, D21 вернул участок, D20 полный размер; авто: D20 габарит Н.О., D21 внутри участка, D21 вернул участок, D20 полный размер"
32;PW1_1013;3097;3,097;148 + 244 + 2705 = 3097 мм;ok;локальная модель, без API
33;PW1_1014;3099;3,099;148 + 244 + 2707 = 3099 мм;ok;локальная модель, без API
34;PW1_1015;3098;3,098;148 + 244 + 2706 = 3098 мм;ok;локальная модель, без API
35;PW1_1016;3100;3,100;148 + 244 + 2708 = 3100 мм;ok;локальная модель, без API
36;PW2_1010;11803;11,803;249 + 624 + 175 + 180 + 995 + 1575 + 5114 + 140 + 911 + 1350 + 300 + 190 = 11803 мм;ok;"локальная модель, без API; авто: D2 габарит Н.О., D7 вернул участок, D3 вернул длину, D5 вернул длину, D12 вернул длину, D13 вернул длину, D2 полный размер; авто: D2 габарит Н.О., D2 полный размер; авто: D2 габарит Н.О., D2 полный размер; авто: D2 габарит Н.О., D2 полный размер; авто: D2 габарит Н.О., D2 полный размер; авто: D2 габарит Н.О., D2 полный размер; авто: D2 габарит Н.О., D2 полный размер; авто: D2 габарит Н.О., D2 полный размер; авто: D2 габарит Н.О., D4 внутри D1, D2 полный размер; авто: D2 габарит Н.О., D2 полный размер; авто: D2 габарит Н.О., D2 полный размер; авто: D2 габарит Н.О., D4 вернул участок, D2 полный размер; авто: D2 габарит Н.О., D2 полный размер"
37;PW2_1010;10229;10,229;1831 + 218 + 165 + 3000 + 1689 + 2001 + 1100 + 225 = 10229 мм;ok;"локальная модель, без API; авто: D11 вернул длину; авто: D9 внутри D10; авто: D5 внутри D6"
38;PW2_1010;11104;11,104;318 + 730 + 218 + 276 + 165 + 335 + 895 + 564 + 600 + 869 + 5341 + 793 = 11104 мм;ok;"локальная модель, без API; авто: D6 внутри D8; авто: D6 вернул участок"
39;PW2_1010;13500;13,500;175 + 175 + 6200 + 180 + 2359 + 3921 + 300 + 190 = 13500 мм;ok;"локальная модель, без API; авто: D7 вернул участок, D12 вернул длину, D3 полный размер; авто: D3 габарит Н.О., D3 полный размер; авто: D3 габарит Н.О., D3 полный размер; авто: D3 габарит Н.О., D3 полный размер; авто: D3 габарит Н.О., D3 полный размер; авто: D3 габарит Н.О., D3 полный размер; авто: D3 габарит Н.О., D3 полный размер; авто: D3 габарит Н.О., D3 полный размер; авто: D3 габарит Н.О., D2 внутри D4, D6 внутри D7, D3 полный размер; авто: D3 габарит Н.О., D3 полный размер; авто: D3 габарит Н.О., D3 полный размер; авто: D3 габарит Н.О."
40;PW2_1011;18220;18,220;2395 + 3050 + 3800 + 4000 + 800 + 3800 + 375 = 18220 мм;ok;локальная модель, без API
41;PW2_1011;24082;24,082;11525 + 1514 + 1400 + 2963 + 300 + 6200 + 180 = 24082 мм;ok;"локальная модель, без API; авто: D2 вернул участок, D3 полный размер, D2 опора в D3; авто: D3 габарит Н.О., D2 вернул участок, D3 полный размер, D2 опора в D3; авто: D3 габарит Н.О., D2 вернул участок, D3 полный размер, D2 опора в D3; авто: D3 габарит Н.О., D2 вернул участок, D3 полный размер, D2 опора в D3; авто: D3 габарит Н.О., D2 вернул участок, D3 полный размер, D2 опора в D3; авто: D3 габарит Н.О., D2 вернул участок, D3 полный размер, D2 опора в D3; авто: D3 габарит Н.О., D2 вернул участок, D3 полный размер, D2 опора в D3; авто: D3 габарит Н.О., D2 вернул участок, D3 полный размер, D2 опора в D3; авто: D3 габарит Н.О., D1 внутри D2, D5 внутри D10, D9 внутри D10, D2 вернул полный участок, D3 полный размер, D2 опора в D3; авто: D3 габарит Н.О., D2 вернул полный участок, D3 полный размер, D2 опора в D3; авто: D3 габарит Н.О., D2 вернул полный участок, D3 полный размер, D2 опора в D3; авто: D3 габарит Н.О., D3 полный размер; авто: D3 габарит Н.О., D3 полный размер"
42;PW2_1012;8002;8,002;1339 + 2000 + 1400 + 2963 + 300 = 8002 мм;ok;"локальная модель, без API; авто: D5 вернул длину"
43;PW2_1013;6580;6,580;2359 + 3921 + 300 = 6580 мм;ok;"локальная модель, без API; авто: D3 вернул длину"
44;PW2_1014;15892;15,892;280 + 178 + 181 + 140 + 245 + 780 + 576 + 1100 + 667 + 928 + 4230 + 421 + 298 + 298 + 400 + 2000 + 3050 + 120 = 15892 мм;ok;локальная модель, без API
45;PW2_1014;32897;32,897;8430 + 1300 + 5300 + 9256 + 1800 + 900 + 3983 + 778 + 550 + 550 + 50 = 32897 мм;ok;"локальная модель, без API; авто: D7 вернул участок; авто: D3 полный участок, D1 внутри D3, D2 внутри D3, D5 внутри D7"
46;PW2_1014;30737;30,737;13767 + 2600 + 10750 + 3500 + 120 = 30737 мм;ok;"локальная модель, без API; авто: D7 габарит Н.О., D12 габарит Н.О., D13 координата, D2 вернул участок, D3 вернул участок, D7 полный размер, D12 полный размер; авто: D7 габарит Н.О., D12 габарит Н.О., D7 полный размер, D12 полный размер; авто: D7 габарит Н.О., D12 габарит Н.О., D7 полный размер, D12 полный размер; авто: D7 габарит Н.О., D12 габарит Н.О., D7 полный размер, D12 полный размер; авто: D7 габарит Н.О., D12 габарит Н.О., D7 полный размер, D12 полный размер; авто: D7 габарит Н.О., D12 габарит Н.О., D7 полный размер, D12 полный размер; авто: D7 габарит Н.О., D12 габарит Н.О., D7 полный размер, D12 полный размер; авто: D7 габарит Н.О., D12 габарит Н.О., D7 полный размер, D12 полный размер; авто: D7 габарит Н.О., D12 габарит Н.О., D2 внутри D3, D6 внутри D8, D7 полный размер, D12 полный размер; авто: D7 габарит Н.О., D12 габарит Н.О., D7 полный размер, D12 полный размер; авто: D7 габарит Н.О., D12 габарит Н.О., D7 полный размер, D12 полный размер; авто: D7 габарит Н.О., D9 полный участок, D12 габарит Н.О., D1 внутри D3, D8 внутри D9"
47;PW2_1014;16875;16,875;443 + 1030 + 1184 + 543 + 6511 + 296 + 209 + 209 + 650 + 3100 + 2700 = 16875 мм;ok;"локальная модель, без API; авто: D7 внутри D10, D6 вернул участок; авто: D5 внутри D6, D9 внутри D3, D7 вернул участок; ручной визуальный аудит; авто: D13 габарит пара, D7 внутри участка, D7 вернул участок, D9 вернул участок, D11 вернул участок, D12 вернул участок; авто: D7 внутри участка, D7 вернул участок"
48;PW2_1014;23471;23,471;80 + 354 + 250 + 250 + 1825 + 1490 + 120 + 2800 + 12013 + 354 + 250 + 250 + 1825 + 1490 + 120 = 23471 мм;ok;"локальная модель, без API; авто: D13 габарит Н.О., D8 вернул длину, D13 полный размер, D10 опора в D13, D11 опора в D13, D19 опора в D13; авто: D13 габарит Н.О., D10 вернул участок, D11 вернул участок, D19 вернул участок, D13 полный размер, D10 опора в D13, D11 опора в D13, D19 опора в D13; авто: D13 габарит Н.О., D10 вернул участок, D11 вернул участок, D19 вернул участок, D13 полный размер, D10 опора в D13, D11 опора в D13, D19 опора в D13; авто: D13 габарит Н.О., D10 вернул участок, D11 вернул участок, D19 вернул участок, D13 полный размер, D10 опора в D13, D11 опора в D13, D19 опора в D13; авто: D13 габарит Н.О., D10 вернул участок, D11 вернул участок, D19 вернул участок, D13 полный размер, D10 опора в D13, D11 опора в D13, D19 опора в D13; авто: D13 габарит Н.О., D10 вернул участок, D11 вернул участок, D19 вернул участок, D13 полный размер, D10 опора в D13, D11 опора в D13, D19 опора в D13; авто: D13 габарит Н.О., D10 вернул участок, D11 вернул участок, D19 вернул участок, D13 полный размер, D10 опора в D13, D11 опора в D13, D19 опора в D13; авто: D13 габарит Н.О., D10 вернул участок, D11 вернул участок, D19 вернул участок, D13 полный размер, D10 опора в D13, D11 опора в D13, D19 опора в D13; авто: D13 габарит Н.О., D5 внутри D6, D9 внутри D11, D16 внутри D17, D10 вернул участок, D11 вернул полный участок, D19 вернул участок, D13 полный размер, D10 опора в D13, D11 опора в D13, D19 опора в D13; авто: D13 габарит Н.О., D10 вернул участок, D11 вернул полный участок, D19 вернул участок, D13 полный размер, D10 опора в D13, D11 опора в D13, D19 опора в D13; авто: D13 габарит Н.О., D10 вернул участок, D11 вернул полный участок, D19 вернул участок, D13 полный размер, D10 опора в D13, D11 опора в D13, D19 опора в D13; ручной визуальный аудит; авто: D13 габарит Н.О., D12 внутри D13, D17 внутри D18, D10 вернул участок, D16 вернул участок, D19 вернул участок, D13 полный размер; авто: D13 габарит Н.О., D13 полный размер"
49;PW2_1015;9726;9,726;282 + 280 + 178 + 181 + 140 + 495 + 1380 + 576 + 667 + 4480 + 421 + 298 + 298 + 50 = 9726 мм;ok;"локальная модель, без API; ручной визуальный аудит; авто: D11 внутри D12"
50;PW2_1015;8600;8,600;350 + 2750 + 1700 + 3800 = 8600 мм;ok;"локальная модель, без API; авто: D5 габарит Н.О., D5 полный размер; авто: D5 габарит Н.О., D6 габарит пара, D5 полный размер; авто: D5 габарит Н.О., D5 полный размер; авто: D5 габарит Н.О., D5 полный размер; авто: D5 габарит Н.О., D5 полный размер; авто: D5 габарит Н.О., D5 полный размер; авто: D5 габарит Н.О., D5 полный размер; авто: D5 габарит Н.О., D5 полный размер; авто: D5 габарит Н.О., D2 внутри D3, D5 полный размер; авто: D5 габарит Н.О., D5 полный размер; авто: D5 габарит Н.О., D5 полный размер; ручной визуальный аудит; авто: D5 габарит Н.О., D5 полный размер; авто: D5 габарит Н.О., D5 полный размер"
51;PW2_1015;12596;12,596;120 + 1050 + 9506 + 1800 + 120 = 12596 мм;ok;"локальная модель, без API; авто: D4 вернул участок, D5 вернул участок; авто: D4 внутри D5; ручной визуальный аудит; авто: D3 внутри D5"
52;PW2_1015;33868;33,868;530 + 3613 + 778 + 550 + 550 + 13817 + 350 + 1350 + 5000 + 7330 = 33868 мм;ok;"локальная модель, без API; авто: D11 габарит Н.О., D8 вернул участок, D11 полный размер; авто: D11 габарит Н.О., D11 полный размер; авто: D11 габарит Н.О., D11 полный размер; авто: D11 габарит Н.О., D11 полный размер; авто: D11 габарит Н.О., D11 полный размер; авто: D11 габарит Н.О., D11 полный размер; авто: D11 габарит Н.О., D11 полный размер; авто: D11 габарит Н.О., D11 полный размер; авто: D11 габарит Н.О., D6 внутри D2, D10 внутри D12, D11 полный размер; авто: D11 габарит Н.О., D11 полный размер; авто: D11 габарит Н.О., D11 полный размер; ручной визуальный аудит; авто: D11 габарит Н.О., D7 внутри D8, D10 вернул участок, D11 полный размер; авто: D11 габарит Н.О., D11 полный размер"
53;PW2_1015;22453;22,453;120 + 7239 + 12640 + 1150 + 1184 + 120 = 22453 мм;ok;"локальная модель, без API; авто: D3 вернул участок; авто: D4 внутри D5; ручной визуальный аудит"
54;PW2_1015;24768;24,768;423 + 3817 + 6391 + 296 + 209 + 209 + 663 + 3251 + 2587 + 6922 = 24768 мм;ok;"локальная модель, без API; авто: D5 вернул участок; ручной визуальный аудит; авто: D5 внутри участка, D5 вернул участок; авто: D5 внутри участка, D5 вернул участок"
55;PW2_1015;20671;20,671;80 + 354 + 250 + 250 + 1825 + 1490 + 120 + 12013 + 354 + 250 + 250 + 1825 + 1490 + 120 = 20671 мм;ok;"локальная модель, без API; авто: D10 габарит Н.О., D4 вернул участок, D8 вернул длину, D19 вернул длину, D20 вернул длину, D10 полный размер; авто: D10 габарит Н.О., D10 полный размер; авто: D10 габарит Н.О., D10 полный размер; авто: D10 габарит Н.О., D10 полный размер; авто: D10 габарит Н.О., D11 внутри D13, D10 полный размер; авто: D10 габарит Н.О., D10 полный размер; авто: D10 габарит Н.О., D10 полный размер; авто: D10 габарит Н.О., D10 полный размер; авто: D10 габарит Н.О., D4 внутри D5, D9 внутри D11, D17 внутри D18, D11 вернул полный участок, D10 полный размер; авто: D10 габарит Н.О., D10 полный размер; авто: D10 габарит Н.О., D10 полный размер; ручной визуальный аудит; авто: D10 габарит Н.О., D5 внутри D6, D11 внутри D13, D12 внутри D13, D4 вернул участок, D13 вернул полный участок"
56;PW3_1005;44939;44,939;6062 + 450 + 813 + 2125 + 455 + 1146 + 8802 + 3801 + 3001 + 3801 + 14483 = 44939 мм;ok;"локальная модель, без API; авто: D3 внутри D4, D7 вернул участок, D15 вернул участок, D16 вернул участок, D2 вернул длину, D11 вернул длину; авто: D9 внутри D10, D15 внутри D16, D3 вернул участок; ручной визуальный аудит; авто: D8 полный участок, D3 внутри участка, D7 внутри D8, D12 внутри D13, D14 внутри D16, D3 вернул участок; авто: D3 внутри участка, D3 вернул участок"
57;PW3_1005;38198;38,198;220 + 200 + 2922 + 3579 + 3753 + 2676 + 225 + 8831 + 455 + 4997 + 225 + 476 + 200 + 3584 + 3753 + 479 + 450 + 446 + 57 + 450 + 220 = 38198 мм;ok;"локальная модель, без API; авто: D11 габарит Н.О., D14 вернул участок; авто: D3 внутри D4, D7 внутри D8, D13 внутри D14, D18 внутри D19; ручной визуальный аудит; авто: D6 внутри D11, D10 внутри D11, D3 вернул участок, D11 полный размер; авто: D11 габарит Н.О., D11 полный размер"
58;PW3_1005;21700;21,700;450 + 447 + 52 + 2500 + 1101 + 3801 + 2946 + 455 + 1300 + 2113 + 450 + 6085 = 21700 мм;ok;"локальная модель, без API; авто: D12 вернул длину; ручной визуальный аудит"
59;PW3_1005;18109;18,109;450 + 3001 + 2032 + 5047 + 455 + 1499 + 1060 + 1060 + 3505 = 18109 мм;ok;"локальная модель, без API; авто: D9 вернул длину; ручной визуальный аудит"
60;PW3_1005;20315;20,315;2051 + 1101 + 3801 + 2946 + 455 + 1300 + 2113 + 450 + 6098 = 20315 мм;ok;"локальная модель, без API; авто: D9 вернул длину; ручной визуальный аудит"
61;PW3_1005;44434;44,434;14483 + 3801 + 3001 + 3801 + 8802 + 455 + 1356 + 2169 + 450 + 6116 = 44434 мм;ok;"локальная модель, без API; авто: D2 вернул участок, D10 вернул участок, D15 вернул длину; авто: D9 внутри D10; авто: D4 внутри D8, D7 внутри D8, D11 внутри D8; ручной визуальный аудит; авто: D3 полный участок, D1 внутри D3, D2 внутри D3"
62;SW_1001;48625;48,625;23525 + 1000 + 24100 = 48625 мм;ok;"локальная модель, без API; авто: D4 вернул участок, D6 полный размер, D1 опора в D6, D2 опора в D6, D3 опора в D6, D4 опора в D6, D5 опора в D6, D12 полный размер, D8 опора в D12, D9 опора в D12, D10 опора в D12, D11 опора в D12; авто: D6 габарит Н.О., D12 габарит Н.О., D1 вернул участок, D2 вернул участок, D3 вернул участок, D4 вернул участок, D5 вернул участок, D8 вернул участок, D9 вернул участок, D10 вернул участок, D11 вернул участок, D6 полный размер, D1 опора в D6, D2 опора в D6, D3 опора в D6, D4 опора в D6, D5 опора в D6, D12 полный размер, D8 опора в D12, D9 опора в D12, D10 опора в D12, D11 опора в D12; авто: D6 габарит Н.О., D12 габарит Н.О., D1 вернул участок, D2 вернул участок, D3 вернул участок, D4 вернул участок, D5 вернул участок, D8 вернул участок, D9 вернул участок, D10 вернул участок, D11 вернул участок, D6 полный размер, D1 опора в D6, D2 опора в D6, D3 опора в D6, D4 опора в D6, D5 опора в D6, D12 полный размер, D8 опора в D12, D9 опора в D12, D10 опора в D12, D11 опора в D12; авто: D6 габарит Н.О., D12 габарит Н.О., D1 вернул участок, D2 вернул участок, D3 вернул участок, D4 вернул участок, D5 вернул участок, D8 вернул участок, D9 вернул участок, D10 вернул участок, D11 вернул участок, D6 полный размер, D1 опора в D6, D2 опора в D6, D3 опора в D6, D4 опора в D6, D5 опора в D6, D12 полный размер, D8 опора в D12, D9 опора в D12, D10 опора в D12, D11 опора в D12; авто: D6 габарит Н.О., D12 габарит Н.О., D1 вернул участок, D2 вернул участок, D3 вернул участок, D4 вернул участок, D5 вернул участок, D8 вернул участок, D9 вернул участок, D10 вернул участок, D11 вернул участок, D6 полный размер, D1 опора в D6, D2 опора в D6, D3 опора в D6, D4 опора в D6, D5 опора в D6, D12 полный размер, D8 опора в D12, D9 опора в D12, D10 опора в D12, D11 опора в D12; авто: D6 габарит Н.О., D12 габарит Н.О., D1 вернул участок, D2 вернул участок, D3 вернул участок, D4 вернул участок, D5 вернул участок, D8 вернул участок, D9 вернул участок, D10 вернул участок, D11 вернул участок, D6 полный размер, D1 опора в D6, D2 опора в D6, D3 опора в D6, D4 опора в D6, D5 опора в D6, D12 полный размер, D8 опора в D12, D9 опора в D12, D10 опора в D12, D11 опора в D12; авто: D6 габарит Н.О., D12 габарит Н.О., D1 вернул участок, D2 вернул участок, D3 вернул участок, D4 вернул участок, D5 вернул участок, D8 вернул участок, D9 вернул участок, D10 вернул участок, D11 вернул участок, D6 полный размер, D1 опора в D6, D2 опора в D6, D3 опора в D6, D4 опора в D6, D5 опора в D6, D12 полный размер, D8 опора в D12, D9 опора в D12, D10 опора в D12, D11 опора в D12; авто: D6 габарит Н.О., D12 габарит Н.О., D1 вернул участок, D2 вернул участок, D3 вернул участок, D4 вернул участок, D5 вернул участок, D8 вернул участок, D9 вернул участок, D10 вернул участок, D11 вернул участок, D6 полный размер, D1 опора в D6, D2 опора в D6, D3 опора в D6, D4 опора в D6, D5 опора в D6, D12 полный размер, D8 опора в D12, D9 опора в D12, D10 опора в D12, D11 опора в D12; авто: D6 габарит Н.О., D12 габарит Н.О., D1 вернул участок, D2 вернул полный участок, D3 вернул участок, D5 вернул участок, D8 вернул участок, D9 вернул участок, D10 вернул участок, D11 вернул участок, D6 полный размер, D1 опора в D6, D2 опора в D6, D3 опора в D6, D5 опора в D6, D12 полный размер, D8 опора в D12, D9 опора в D12, D10 опора в D12, D11 опора в D12; авто: D6 габарит Н.О., D12 габарит Н.О., D1 вернул участок, D2 вернул полный участок, D3 вернул участок, D5 вернул участок, D8 вернул участок, D9 вернул участок, D10 вернул участок, D11 вернул участок, D6 полный размер, D1 опора в D6, D2 опора в D6, D3 опора в D6, D5 опора в D6, D12 полный размер, D8 опора в D12, D9 опора в D12, D10 опора в D12, D11 опора в D12; авто: D6 габарит Н.О., D12 габарит Н.О., D1 вернул участок, D2 вернул полный участок, D3 вернул участок, D5 вернул участок, D8 вернул участок, D9 вернул участок, D10 вернул участок, D11 вернул участок, D6 полный размер, D1 опора в D6, D2 опора в D6, D3 опора в D6, D5 опора в D6, D12 полный размер, D8 опора в D12, D9 опора в D12, D10 опора в D12, D11 опора в D12; ручной визуальный аудит; авто: D6 габарит Н.О., D12 габарит Н.О., D6 полный размер, D12 полный размер; авто: D6 габарит Н.О., D12 габарит Н.О., D6 полный размер, D12 полный размер"
63;OD_1016;29320;29,320;1300 + 8800 + 13500 + 670 + 140 + 2110 + 2500 + 300 = 29320 мм;ok;"локальная модель, без API; авто: D11 внутри D10, D3 вернул участок, D6 вернул участок, D1 вернул длину, D9 вернул длину, D15 вернул длину; авто: D12 габарит пара, D4 вернул участок; авто: D5 внутри D6, D13 внутри D14, D16 внутри D10; ручной визуальный аудит; авто: D8 полный участок, D12 полный участок, D2 внутри D4, D3 внутри D4, D6 внутри D8, D7 внутри D8, D9 внутри D8, D11 вернул участок; авто: D11 внутри участка, D11 вернул участок"
64;OD_1016;10039;10,039;300 + 800 + 300 + 96 + 5555 + 2888 + 100 = 10039 мм;ok;"локальная модель, без API; авто: D5 внутри D6; ручной визуальный аудит"
65;PW1_1009;8228;8,228;152 + 720 + 1237 + 156 + 102 + 400 + 483 + 694 + 40 + 108 + 40 + 102 + 2605 + 694 + 695 = 8228 мм;ok;"локальная модель, без API; ручной визуальный аудит; авто: D5 полный участок, D16 полный участок"
66;PW1_1009;43319;43,319;305 + 4501 + 10202 + 4501 + 3401 + 4801 + 5801 + 9502 + 305 = 43319 мм;ok;"локальная модель, без API; авто: D12 вернул участок, D3 вернул длину, D10 полный размер, D9 опора в D10; авто: D10 габарит Н.О., D9 вернул участок, D10 полный размер, D9 опора в D10; авто: D10 габарит Н.О., D9 вернул участок, D10 полный размер, D9 опора в D10; авто: D10 габарит Н.О., D9 вернул участок, D10 полный размер, D9 опора в D10; авто: D10 габарит Н.О., D9 вернул участок, D10 полный размер, D9 опора в D10; авто: D10 габарит Н.О., D9 вернул участок, D10 полный размер, D9 опора в D10; авто: D10 габарит Н.О., D9 вернул участок, D10 полный размер, D9 опора в D10; авто: D10 габарит Н.О., D9 вернул участок, D10 полный размер, D9 опора в D10; авто: D10 габарит Н.О., D11 внутри D12, D10 полный размер; авто: D10 габарит Н.О., D10 полный размер; авто: D10 габарит Н.О., D10 полный размер; ручной визуальный аудит; авто: D10 габарит Н.О., D4 внутри D5, D10 полный размер; авто: D10 габарит Н.О., D10 полный размер"
67;PW1_1009;46109;46,109;2496 + 21300 + 700 + 1195 + 305 + 2265 + 305 + 2696 + 7496 + 5001 + 2350 = 46109 мм;ok;"локальная модель, без API; авто: D4 габарит Н.О., D2 вернул участок, D3 вернул участок, D10 вернул длину, D4 полный размер; авто: D4 габарит Н.О., D4 полный размер; авто: D4 габарит Н.О., D4 полный размер; авто: D4 габарит Н.О., D4 полный размер; авто: D4 габарит Н.О., D2 внутри D5, D2 два прогона с D3, D4 полный размер; авто: D4 габарит Н.О., D2 внутри D5, D4 полный размер; авто: D4 габарит Н.О., D4 полный размер; авто: D4 габарит Н.О., D4 полный размер; авто: D4 габарит Н.О., D1 внутри D2, D6 внутри D7, D8 внутри D9, D14 внутри D15, D2 вернул полный участок, D4 полный размер; авто: D4 габарит Н.О., D4 полный размер; авто: D4 габарит Н.О., D4 полный размер; ручной визуальный аудит; авто: D4 габарит Н.О., D2 внутри D5, D3 внутри D5, D7 внутри D5, D16 внутри D17, D1 вернул участок, D5 вернул полный участок, D6 вернул участок"
68;PW1_1017;402;0,402;152 + 250 = 402 мм;ok;"локальная модель, без API; авто: D2 вернул длину; ручной визуальный аудит"
69;PW1_1018;400;0,400;30 + 21 + 21 + 78 + 250 = 400 мм;ok;"локальная модель, без API; авто: D2 вернул длину, D3 вернул длину; ручной визуальный аудит"
70;PW1_1019;398;0,398;148 + 250 = 398 мм;ok;"локальная модель, без API; авто: D2 вернул длину; ручной визуальный аудит"
71;PW1_1020;400;0,400;30 + 21 + 21 + 78 + 250 = 400 мм;ok;"локальная модель, без API; авто: D2 вернул длину, D3 вернул длину; ручной визуальный аудит"
72;PW1_1021;165;0,165;165 = 165 мм;ok;"локальная модель, без API; ручной визуальный аудит"
73;PW1_1022;198;0,198;75 + 123 = 198 мм;ok;"локальная модель, без API; ручной визуальный аудит"
74;PW2_1002;16657;16,657;180 + 285 + 350 + 1416 + 609 + 4800 + 7509 + 816 + 150 + 106 + 106 + 330 = 16657 мм;ok;"локальная модель, без API; ручной визуальный аудит"
75;PW2_1002;5127;5,127;177 + 191 + 140 + 239 + 294 + 294 + 2276 + 566 + 400 + 400 + 150 = 5127 мм;ok;"локальная модель, без API; ручной визуальный аудит"
76;UNKNOWN_76;46506;46,506;768 + 2500 + 1781 + 1781 + 1781 + 5000 + 5000 + 18751 + 8919 + 225 = 46506 мм;ok;"локальная модель, без API; авто: D12 вернул участок, D16 вернул участок, D6 вернул длину; авто: D4 внутри D8, D6 внутри D14, D10 внутри D12, D13 внутри D15, D14 вернул полный участок, D14 габарит рядом с D7; авто: D14 вернул полный участок, D14 габарит рядом с D7; авто: D14 вернул полный участок, D14 габарит рядом с D7; ручной визуальный аудит; авто: D5 внутри D6, D12 внутри D14, D15 внутри D16, D13 вернул участок, D14 вернул полный участок, D7 внутри D14; авто: D7 вернул участок, D7 внутри D14"
77;UNKNOWN_77;5455;5,455;1187 + 519 + 1143 + 263 + 390 + 1386 + 217 + 140 + 210 = 5455 мм;ok;"локальная модель, без API; авто: D2 вернул участок; ручной визуальный аудит; авто: D3 полный участок, D2 внутри участка, D2 вернул участок; авто: D2 внутри участка, D2 вернул участок"
78;PW5_1004;4512;4,512;80 + 625 + 400 + 191 + 152 + 400 + 500 + 250 + 300 + 250 + 300 + 714 + 350 = 4512 мм;ok;"локальная модель, без API; авто: D8 штурвал; авто: D12 внутри D16, D14 внутри D15; ручной визуальный аудит; авто: D12 вернул участок"
79;PW5_1004;7507;7,507;214 + 314 + 126 + 250 + 194 + 225 + 425 + 2500 + 110 + 194 + 1563 + 322 + 126 + 250 + 214 + 350 + 130 = 7507 мм;ok;"локальная модель, без API; авто: D9 внутри D10; ручной визуальный аудит; авто: D5 штурвал, D9 вернул участок"
80;PW5_1004;4556;4,556;714 + 300 + 197 + 250 + 300 + 197 + 250 + 500 + 400 + 191 + 152 + 400 + 625 + 80 = 4556 мм;ok;"локальная модель, без API; авто: D5 вернул участок; авто: D1 внутри D2; ручной визуальный аудит"
81;PW5_1004;26811;26,811;1365 + 225 + 250 + 2772 + 200 + 130 + 100 + 700 + 350 + 614 + 350 + 4800 + 5500 + 700 + 614 + 300 + 364 + 1765 + 4748 + 364 + 300 + 300 = 26811 мм;ok;"локальная модель, без API; авто: D11 внутри D8; авто: D15 внутри D16, D19 внутри D17, D20 внутри D17, D26 внутри D24; ручной визуальный аудит; авто: D22 внутри D23, D27 внутри D12, D11 вернул полный участок; авто: D11 внутри участка, D11 вернул полный участок"
82;PW5_1004;32990;32,990;130 + 110 + 400 + 1800 + 1500 + 4700 + 11000 + 1000 + 12350 = 32990 мм;ok;"локальная модель, без API; авто: D7 вернул участок, D4 вернул длину; авто: D12 вернул участок; авто: D2 внутри D3, D10 внутри D11; ручной визуальный аудит; авто: D9 внутри D12, D11 внутри D12, D2 вернул участок"
83;PW5_1004;17690;17,690;1292 + 1332 + 1189 + 600 + 214 + 928 + 2748 + 600 + 1100 + 600 + 2786 + 1332 + 1189 + 600 + 214 + 966 = 17690 мм;ok;"локальная модель, без API; авто: D19 штурвал, D16 внутри D14, D10 вернул длину, D11 вернул длину, D20 вернул длину; авто: D11 внутри D13; авто: D10 внутри D11; авто: D11 вернул полный участок, D16 вернул участок; ручной визуальный аудит; авто: D11 внутри участка, D13 внутри D14, D16 внутри участка, D11 вернул полный участок, D16 вернул участок; авто: D11 внутри участка, D16 внутри участка, D11 вернул полный участок, D16 вернул участок"
84;PW5_1004;33886;33,886;2050 + 3000 + 5700 + 965 + 3450 + 470 + 3806 + 4547 + 707 + 500 + 500 + 3358 + 4833 = 33886 мм;ok;"локальная модель, без API; авто: D3 вернул участок; авто: D2 внутри D8, D13 внутри D8; ручной визуальный аудит; авто: D2 вернул участок, D13 вернул участок"
85;PW5_1004;33982;33,982;120 + 2094 + 1481 + 1481 + 19550 + 1400 + 822 + 581 + 581 + 3438 + 600 + 1400 + 170 + 264 = 33982 мм;ok;"локальная модель, без API; авто: D9 вернул участок, D1 вернул длину; авто: D2 внутри D6, D16 внутри D11; ручной визуальный аудит; авто: D5 внутри D9, D6 внутри D9, D7 внутри D9, D8 внутри D9, D2 вернул участок, D16 вернул участок, D18 полный размер, D17 опора в D18; авто: D18 габарит Н.О., D17 вернул участок, D18 полный размер, D17 опора в D18"
86;PW5_1004;23828;23,828;800 + 949 + 2350 + 325 + 575 + 3200 + 1175 + 4300 + 1200 + 8600 + 150 + 204 = 23828 мм;ok;"локальная модель, без API; авто: D12 вернул участок, D13 вернул участок; авто: D6 внутри D7, D12 внутри D13, D15 внутри D10; ручной визуальный аудит; авто: D11 внутри D13, D15 вернул участок"
87;PW5_1004;5428;5,428;80 + 348 + 595 + 271 + 271 + 271 + 135 + 271 + 150 + 150 + 100 + 1969 + 817 = 5428 мм;ok;"локальная модель, без API; авто: D3 габарит Н.О., D11 внутри D12, D11 два прогона с D18, D3 полный размер, D2 опора в D3; авто: D3 габарит Н.О., D11 внутри D12, D2 вернул участок, D11 два прогона с D18, D3 полный размер, D2 опора в D3; авто: D3 габарит Н.О., D11 внутри D12, D2 вернул участок, D11 два прогона с D18, D3 полный размер, D2 опора в D3; авто: D3 габарит Н.О., D11 внутри D12, D2 вернул участок, D11 два прогона с D18, D3 полный размер, D2 опора в D3; авто: D3 габарит Н.О., D11 внутри D12, D2 вернул участок, D11 два прогона с D18, D3 полный размер, D2 опора в D3; авто: D3 габарит Н.О., D11 внутри D12, D2 вернул участок, D3 полный размер, D2 опора в D3; авто: D3 габарит Н.О., D2 вернул участок, D3 полный размер, D2 опора в D3; авто: D3 габарит Н.О., D2 вернул участок, D3 полный размер, D2 опора в D3; авто: D3 габарит Н.О., D5 внутри D2, D2 вернул полный участок, D11 вернул участок, D3 полный размер, D2 опора в D3; авто: D3 габарит Н.О., D2 вернул полный участок, D3 полный размер, D2 опора в D3; авто: D3 габарит Н.О., D2 вернул полный участок, D3 полный размер, D2 опора в D3; ручной визуальный аудит; авто: D3 габарит Н.О., D11 внутри участка, D2 вернул участок, D5 вернул участок, D11 вернул участок, D3 полный размер; авто: D3 габарит Н.О., D11 внутри участка, D11 вернул участок, D3 полный размер"
88;PW5_1005;7793;7,793;120 + 1484 + 1126 + 916 + 655 + 900 + 1292 + 280 + 128 + 138 + 280 + 354 + 120 = 7793 мм;ok;"локальная модель, без API; ручной визуальный аудит; авто: D2 внутри D3"
89;PW5_1005;10108;10,108;1780 + 181 + 800 + 1000 + 378 + 280 + 133 + 50 + 150 + 410 + 3770 + 199 + 514 + 50 + 133 + 280 = 10108 мм;ok;"локальная модель, без API; авто: D21 штурвал, D22 штурвал; авто: D7 внутри D8, D19 внутри D17; ручной визуальный аудит; авто: D6 штурвал, D19 вернул участок"
90;PW5_1006;21110;21,110;464 + 325 + 736 + 1016 + 421 + 2230 + 1109 + 9059 + 1200 + 4400 + 150 = 21110 мм;ok;"локальная модель, без API; авто: D10 вернул длину, D12 вернул длину; авто: D8 внутри D10, D9 внутри D10; ручной визуальный аудит"
91;PW5_1006;37746;37,746;350 + 1350 + 1200 + 2696 + 9200 + 500 + 1200 + 1500 + 11600 + 1500 + 1200 + 5450 = 37746 мм;ok;"локальная модель, без API; авто: D5 вернул участок, D6 вернул участок, D9 вернул участок, D10 полный размер, D2 опора в D10, D3 опора в D10, D6 опора в D10, D9 опора в D10; авто: D10 габарит Н.О., D2 вернул участок, D3 вернул участок, D6 вернул участок, D9 вернул участок, D10 полный размер, D2 опора в D10, D3 опора в D10, D6 опора в D10, D9 опора в D10; авто: D10 габарит Н.О., D2 вернул участок, D3 вернул участок, D6 вернул участок, D9 вернул участок, D10 полный размер, D2 опора в D10, D3 опора в D10, D6 опора в D10, D9 опора в D10; авто: D10 габарит Н.О., D2 вернул участок, D3 вернул участок, D6 вернул участок, D9 вернул участок, D10 полный размер, D2 опора в D10, D3 опора в D10, D6 опора в D10, D9 опора в D10; авто: D10 габарит Н.О., D2 вернул участок, D3 вернул участок, D6 вернул участок, D9 вернул участок, D10 полный размер, D2 опора в D10, D3 опора в D10, D6 опора в D10, D9 опора в D10; авто: D10 габарит Н.О., D2 вернул участок, D3 вернул участок, D6 вернул участок, D9 вернул участок, D10 полный размер, D2 опора в D10, D3 опора в D10, D6 опора в D10, D9 опора в D10; авто: D10 габарит Н.О., D2 вернул участок, D3 вернул участок, D6 вернул участок, D9 вернул участок, D10 полный размер, D2 опора в D10, D3 опора в D10, D6 опора в D10, D9 опора в D10; авто: D10 габарит Н.О., D2 вернул участок, D3 вернул участок, D6 вернул участок, D9 вернул участок, D10 полный размер, D2 опора в D10, D3 опора в D10, D6 опора в D10, D9 опора в D10; авто: D10 габарит Н.О., D14 внутри D5, D1 вернул участок, D2 вернул участок, D3 вернул участок, D6 вернул участок, D10 полный размер, D1 опора в D10, D2 опора в D10, D3 опора в D10, D6 опора в D10; авто: D10 габарит Н.О., D1 вернул участок, D2 вернул участок, D3 вернул участок, D6 вернул участок, D10 полный размер, D1 опора в D10, D2 опора в D10, D3 опора в D10, D6 опора в D10; авто: D10 габарит Н.О., D1 вернул участок, D2 вернул участок, D3 вернул участок, D6 вернул участок, D10 полный размер, D1 опора в D10, D2 опора в D10, D3 опора в D10, D6 опора в D10; ручной визуальный аудит; авто: D7 полный участок, D10 габарит Н.О., D11 внутри D12, D1 вернул участок, D2 вернул участок, D3 вернул участок, D6 вернул участок, D14 вернул участок, D10 полный размер; авто: D10 габарит Н.О., D1 внутри участка, D1 вернул участок, D10 полный размер"
92;PW5_1006;14902;14,902;150 + 1250 + 5000 + 396 + 4577 + 574 + 192 + 165 + 342 + 1053 + 1053 + 150 = 14902 мм;ok;"локальная модель, без API; авто: D3 габарит Н.О., D5 вернул участок, D3 полный размер, D2 опора в D3; авто: D3 габарит Н.О., D2 вернул участок, D3 полный размер, D2 опора в D3; авто: D3 габарит Н.О., D2 вернул участок, D3 полный размер, D2 опора в D3; авто: D3 габарит Н.О., D2 вернул участок, D3 полный размер, D2 опора в D3; авто: D3 габарит Н.О., D2 вернул участок, D3 полный размер, D2 опора в D3; авто: D3 габарит Н.О., D2 вернул участок, D3 полный размер, D2 опора в D3; авто: D3 габарит Н.О., D2 вернул участок, D3 полный размер, D2 опора в D3; авто: D3 габарит Н.О., D2 вернул участок, D3 полный размер, D2 опора в D3; авто: D3 габарит Н.О., D4 внутри D5, D2 вернул участок, D3 полный размер, D2 опора в D3; авто: D3 габарит Н.О., D2 вернул участок, D3 полный размер, D2 опора в D3; авто: D3 габарит Н.О., D2 вернул участок, D3 полный размер, D2 опора в D3; ручной визуальный аудит; авто: D3 габарит Н.О., D2 вернул участок, D3 полный размер, D2 опора в D3; авто: D3 габарит Н.О., D2 вернул участок, D3 полный размер, D2 опора в D3"
93;SW_1001;63628;63,628;2150 + 2502 + 2500 + 100 + 41300 + 3980 + 4100 + 2300 + 1406 + 3000 + 120 + 85 + 85 = 63628 мм;ok;"локальная модель, без API; авто: D9 вернул участок, D10 вернул участок, D11 вернул участок, D13 полный размер, D5 опора в D13, D6 опора в D13, D7 опора в D13, D8 опора в D13, D9 опора в D13, D10 опора в D13, D11 опора в D13, D12 опора в D13; авто: D13 габарит Н.О., D5 вернул участок, D6 вернул участок, D7 вернул участок, D8 вернул участок, D9 вернул участок, D10 вернул участок, D11 вернул участок, D12 вернул участок, D13 полный размер, D5 опора в D13, D6 опора в D13, D7 опора в D13, D8 опора в D13, D9 опора в D13, D10 опора в D13, D11 опора в D13, D12 опора в D13; авто: D13 габарит Н.О., D5 вернул участок, D6 вернул участок, D7 вернул участок, D8 вернул участок, D9 вернул участок, D10 вернул участок, D11 вернул участок, D12 вернул участок, D13 полный размер, D5 опора в D13, D6 опора в D13, D7 опора в D13, D8 опора в D13, D9 опора в D13, D10 опора в D13, D11 опора в D13, D12 опора в D13; авто: D13 габарит Н.О., D5 вернул участок, D6 вернул участок, D7 вернул участок, D8 вернул участок, D9 вернул участок, D10 вернул участок, D11 вернул участок, D12 вернул участок, D13 полный размер, D5 опора в D13, D6 опора в D13, D7 опора в D13, D8 опора в D13, D9 опора в D13, D10 опора в D13, D11 опора в D13, D12 опора в D13; авто: D13 габарит Н.О., D5 вернул участок, D6 вернул участок, D7 вернул участок, D8 вернул участок, D9 вернул участок, D10 вернул участок, D11 вернул участок, D12 вернул участок, D13 полный размер, D5 опора в D13, D6 опора в D13, D7 опора в D13, D8 опора в D13, D9 опора в D13, D10 опора в D13, D11 опора в D13, D12 опора в D13; авто: D13 габарит Н.О., D5 вернул участок, D6 вернул участок, D7 вернул участок, D8 вернул участок, D9 вернул участок, D10 вернул участок, D11 вернул участок, D12 вернул участок, D13 полный размер, D5 опора в D13, D6 опора в D13, D7 опора в D13, D8 опора в D13, D9 опора в D13, D10 опора в D13, D11 опора в D13, D12 опора в D13; авто: D13 габарит Н.О., D5 вернул участок, D6 вернул участок, D7 вернул участок, D8 вернул участок, D9 вернул участок, D10 вернул участок, D11 вернул участок, D12 вернул участок, D13 полный размер, D5 опора в D13, D6 опора в D13, D7 опора в D13, D8 опора в D13, D9 опора в D13, D10 опора в D13, D11 опора в D13, D12 опора в D13; авто: D13 габарит Н.О., D5 вернул участок, D6 вернул участок, D7 вернул участок, D8 вернул участок, D9 вернул участок, D10 вернул участок, D11 вернул участок, D12 вернул участок, D13 полный размер, D5 опора в D13, D6 опора в D13, D7 опора в D13, D8 опора в D13, D9 опора в D13, D10 опора в D13, D11 опора в D13, D12 опора в D13; авто: D13 габарит Н.О., D21 внутри D4, D7 вернул полный участок, D8 вернул полный участок, D9 вернул участок, D10 вернул участок, D11 вернул полный участок, D13 полный размер, D7 опора в D13, D8 опора в D13, D9 опора в D13, D10 опора в D13, D11 опора в D13; авто: D13 габарит Н.О., D7 вернул полный участок, D8 вернул полный участок, D9 вернул участок, D10 вернул участок, D11 вернул полный участок, D13 полный размер, D7 опора в D13, D8 опора в D13, D9 опора в D13, D10 опора в D13, D11 опора в D13; авто: D13 габарит Н.О., D7 вернул полный участок, D8 вернул полный участок, D9 вернул участок, D10 вернул участок, D11 вернул полный участок, D13 полный размер, D7 опора в D13, D8 опора в D13, D9 опора в D13, D10 опора в D13, D11 опора в D13; ручной визуальный аудит; авто: D13 габарит Н.О., D21 вернул участок, D13 полный размер; авто: D13 габарит Н.О., D13 полный размер"
94;SW_1001;37336;37,336;1550 + 1096 + 1096 + 5000 + 19550 + 1850 + 822 + 581 + 581 + 388 + 3688 + 120 + 75 + 389 + 550 = 37336 мм;ok;"локальная модель, без API; авто: D7 вернул участок; авто: D1 внутри D6; ручной визуальный аудит; авто: D4 внутри D7, D5 внутри D7, D1 вернул участок, D18 полный размер, D17 опора в D18; авто: D18 габарит Н.О., D17 вернул участок, D18 полный размер, D17 опора в D18"
95;SW_1001;11838;11,838;50 + 193 + 2761 + 900 + 402 + 202 + 1527 + 164 + 140 + 275 + 60 + 376 + 3750 + 354 + 60 + 320 + 164 + 140 = 11838 мм;ok;"локальная модель, без API; авто: D3 штурвал, D27 штурвал; ручной визуальный аудит"
96;SW_1002;5563;5,563;1383 + 600 + 2160 + 900 + 320 + 200 = 5563 мм;ok;"локальная модель, без API; ручной визуальный аудит"
97;VA_1004;37435;37,435;650 + 707 + 311 + 2253 + 2921 + 28443 + 2150 = 37435 мм;ok;"локальная модель, без API; авто: D9 вернул участок, D1 вернул длину, D11 вернул длину; ручной визуальный аудит; авто: D6 внутри D10, D7 внутри D10, D8 внутри D10, D9 внутри D10, D10 вернул полный участок"
98;VA_1004;31930;31,930;450 + 1071 + 765 + 749 + 18802 + 1694 + 1949 + 6000 + 450 = 31930 мм;ok;"локальная модель, без API; авто: D14 габарит Н.О., D2 вернул участок, D7 вернул участок, D14 полный размер; авто: D14 габарит Н.О., D14 полный размер; авто: D14 габарит Н.О., D14 полный размер; авто: D14 габарит Н.О., D14 полный размер; авто: D14 габарит Н.О., D14 полный размер; авто: D14 габарит Н.О., D14 полный размер; авто: D14 габарит Н.О., D14 полный размер; авто: D14 габарит Н.О., D14 полный размер; авто: D14 габарит Н.О., D8 внутри D7, D14 полный размер; авто: D14 габарит Н.О., D14 полный размер; авто: D14 габарит Н.О., D14 полный размер; ручной визуальный аудит; авто: D9 полный участок, D14 габарит Н.О., D5 внутри D9, D6 внутри D9, D7 внутри D9, D10 внутри D9, D14 полный размер; авто: D14 габарит Н.О., D14 полный размер"
99;VA_1005;12853;12,853;120 + 76 + 1724 + 331 + 688 + 924 + 75 + 2590 + 350 + 2400 + 500 + 3000 + 75 = 12853 мм;ok;"локальная модель, без API; авто: D8 габарит Н.О.; авто: D9 внутри D14, D11 внутри D12; ручной визуальный аудит; авто: D14 внутри D10, D9 вернул участок, D11 вернул участок, D8 полный размер; авто: D8 габарит Н.О., D8 полный размер"
100;VA_1005;32294;32,294;2747 + 3200 + 1000 + 2772 + 5400 + 1000 + 3000 + 9800 + 500 + 1950 + 925 = 32294 мм;ok;"локальная модель, без API; авто: D7 вернул участок, D12 вернул участок, D13 вернул участок, D1 вернул длину, D2 вернул длину; авто: D13 внутри D16, D15 внутри D11; ручной визуальный аудит; авто: D5 полный участок, D14 полный участок, D9 внутри D12, D11 внутри D12, D13 вернул участок, D15 вернул участок, D14 габарит, цепочка полная; авто: D5 габарит Н.О., D5 полный участок, D14 полный участок, D14 габарит, цепочка полная"
101;VA_1005;31011;31,011;75 + 422 + 9250 + 500 + 6500 + 4471 + 819 + 164 + 159 + 237 + 806 + 806 + 75 + 6727 = 31011 мм;ok;"локальная модель, без API; авто: D5 вернул участок, D7 вернул участок, D8 полный размер, D7 опора в D8; авто: D8 габарит Н.О., D7 вернул участок, D8 полный размер, D7 опора в D8; авто: D8 габарит Н.О., D7 вернул участок, D8 полный размер, D7 опора в D8; авто: D8 габарит Н.О., D7 вернул участок, D8 полный размер, D7 опора в D8; авто: D8 габарит Н.О., D7 вернул участок, D8 полный размер, D7 опора в D8; авто: D8 габарит Н.О., D7 вернул участок, D8 полный размер, D7 опора в D8; авто: D8 габарит Н.О., D7 вернул участок, D8 полный размер, D7 опора в D8; авто: D8 габарит Н.О., D7 вернул участок, D8 полный размер, D7 опора в D8; авто: D8 габарит Н.О., D9 внутри D10, D7 вернул участок, D8 полный размер, D7 опора в D8; авто: D8 габарит Н.О., D7 вернул участок, D8 полный размер, D7 опора в D8; авто: D8 габарит Н.О., D7 вернул участок, D8 полный размер, D7 опора в D8; ручной визуальный аудит; авто: D8 габарит Н.О., D3 внутри D5, D4 внутри D5, D7 вернул участок, D8 полный размер, D7 опора в D8; авто: D8 габарит Н.О., D7 вернул участок, D8 полный размер, D7 опора в D8"
102;VA_1007;3001;3,001;250 + 2751 = 3001 мм;ok;"локальная модель, без API; ручной визуальный аудит"
103;CO_0166;8965;8,965;120 + 255 + 181 + 134 + 255 + 450 + 240 + 1595 + 315 + 1935 + 3000 + 365 + 120 = 8965 мм;ok;"локальная модель, без API; авто: D13 габарит пара; ручной визуальный аудит"
104;CO_0166;38346;38,346;11180 + 1006 + 2300 + 9850 + 3590 + 2170 + 2890 + 5360 = 38346 мм;ok;"локальная модель, без API; авто: D2 вернул участок, D9 вернул участок; авто: D8 внутри D9; авто: D1 внутри D2, D5 внутри D9, D6 внутри D8, D10 внутри D13, D11 внутри D12, D8 вернул полный участок; ручной визуальный аудит; авто: D7 внутри D9, D8 внутри D9, D5 вернул участок, D10 вернул участок, D11 вернул участок"
105;CO_0166;20500;20,500;150 + 650 + 906 + 1050 + 994 + 9000 + 421 + 750 + 579 + 6000 = 20500 мм;ok;"локальная модель, без API; авто: D13 внутри D14; авто: D6 внутри D9, D9 вернул полный участок, D9 габарит рядом с D6; авто: D9 вернул полный участок, D9 габарит рядом с D6; авто: D9 вернул полный участок, D9 габарит рядом с D6; ручной визуальный аудит; авто: D7 внутри D9, D8 внутри D9, D9 вернул полный участок"
106;CO_0167;22769;22,769;173 + 274 + 1148 + 765 + 3000 + 270 + 620 + 5539 + 10860 + 120 = 22769 мм;ok;"локальная модель, без API; авто: D10 вернул участок; авто: D5 габарит пара; ручной визуальный аудит"
107;CO_0167;23110;23,110;2630 + 2300 + 310 + 9540 + 3600 + 3856 + 150 + 504 + 220 = 23110 мм;ok;"локальная модель, без API; авто: D1 внутри D2; авто: D7 вернул участок; авто: D4 внутри D1, D5 внутри D7, D6 внутри D7, D9 внутри D10, D11 внутри D12, D1 вернул полный участок; ручной визуальный аудит; авто: D1 внутри D2, D4 вернул участок, D11 вернул участок"
108;CO_0167;7387;7,387;120 + 550 + 1309 + 613 + 751 + 273 + 195 + 181 + 134 + 195 + 273 + 751 + 613 + 1309 + 120 = 7387 мм;ok;"локальная модель, без API; авто: D16 штурвал, D2 вернул длину; авто: D5 внутри D3, D6 внутри D4, D11 внутри D15; ручной визуальный аудит; авто: D5 вернул участок, D6 вернул участок, D11 вернул участок"
109;CO_0167;21170;21,170;430 + 1246 + 1450 + 994 + 9500 + 421 + 750 + 579 + 5800 = 21170 мм;ok;"локальная модель, без API; авто: D12 внутри D13; авто: D4 внутри D2, D5 внутри D6, D9 внутри D11; ручной визуальный аудит; авто: D8 полный участок, D6 внутри D8, D7 внутри D8, D4 вернул участок, D9 вернул участок"
110;CW_1004;25870;25,870;821 + 1750 + 700 + 300 + 140 + 307 + 300 + 50 + 20019 + 343 + 621 + 19 + 500 = 25870 мм;ok;"локальная модель, без API; авто: D10 вернул участок, D8 вернул длину, D9 вернул длину, D13 вернул длину; авто: D8 габарит пара; ручной визуальный аудит"
111;CWRI_1004;21590;21,590;1201 + 1073 + 345 + 140 + 5714 + 6672 + 1250 + 524 + 2935 + 336 + 1400 = 21590 мм;ok;"локальная модель, без API; авто: D6 вернул участок, D1 вернул длину; ручной визуальный аудит"
112;CWRI_1004;23974;23,974;300 + 140 + 50 + 20020 + 650 + 694 + 327 + 140 + 428 + 706 + 19 + 500 = 23974 мм;ok;"локальная модель, без API; авто: D5 вернул участок, D12 вернул длину; авто: D2 габарит пара; ручной визуальный аудит; авто: D2 габарит пара"
113;OD_1006;9226;9,226;120 + 85 + 85 + 4006 + 4930 = 9226 мм;ok;"локальная модель, без API; ручной визуальный аудит"
114;P21_1017;6968;6,968;162 + 650 + 750 + 900 + 373 + 185 + 188 + 194 + 344 + 80 + 38 + 182 + 512 + 206 + 436 + 972 + 185 + 373 + 200 + 38 = 6968 мм;ok;"локальная модель, без API; авто: D1 вернул длину; авто: D14 габарит пара; ручной визуальный аудит"
115;P21_1017;0;0,000;нет включённых размеров;error;"локальная модель, без API; ручной визуальный аудит"
116;P21_1017;27351;27,351;1022 + 2000 + 1350 + 251 + 566 + 22162 = 27351 мм;ok;"локальная модель, без API; авто: D5 внутри D1; ручной визуальный аудит; авто: D7 внутри D14, D8 внутри D14, D9 внутри D14, D10 внутри D14, D11 внутри D14, D12 внутри D14, D13 внутри D14, D5 вернул участок, D14 вернул полный участок"
117;P21_1017;11888;11,888;38 + 150 + 700 + 500 + 250 + 3000 + 7250 = 11888 мм;ok;"локальная модель, без API; авто: D7 внутри D9; авто: D8 внутри D9; ручной визуальный аудит"
118;SW_1001;14720;14,720;6600 + 3400 + 400 + 800 + 3400 + 120 = 14720 мм;ok;"локальная модель, без API; авто: D7 внутри D8; ручной визуальный аудит; авто: D1 внутри D2, D3 внутри D4"
119;SW_1001;27216;27,216;21380 + 120 + 75 + 1380 + 606 + 429 + 429 + 2722 + 75 = 27216 мм;ok;"локальная модель, без API; авто: D3 вернул участок; авто: D3 внутри D5; авто: D4 внутри D5, D8 внутри D9, D13 внутри D14, D5 вернул полный участок, D5 габарит рядом с D3; авто: D5 вернул полный участок, D5 габарит рядом с D3; авто: D5 вернул полный участок, D5 габарит рядом с D3; ручной визуальный аудит; авто: D1 внутри D5, D2 внутри D5, D5 вернул полный участок"
120;SW_1001;15439;15,439;2688 + 6225 + 645 + 3006 + 2875 = 15439 мм;ok;"локальная модель, без API; авто: D3 внутри D4; ручной визуальный аудит; авто: D6 внутри D7, D3 вернул участок"
121;SW_1001;1600;1,600;75 + 228 + 250 + 234 + 164 + 165 + 234 + 250 = 1600 мм;ok;"локальная модель, без API; ручной визуальный аудит"
122;UNKNOWN_122;2772;2,772;250 + 214 + 214 + 504 + 378 + 81 + 171 + 81 + 154 + 190 + 380 + 155 = 2772 мм;ok;"локальная модель, без API; ручной визуальный аудит"
123;SW_1003;4244;4,244;274 + 203 + 181 + 134 + 970 + 181 + 134 + 203 + 274 + 533 + 225 + 275 + 120 + 233 + 304 = 4244 мм;ok;"локальная модель, без API; авто: D11 внутри D12; ручной визуальный аудит"
124;SW_1003;20830;20,830;239 + 181 + 134 + 641 + 2870 + 5570 + 998 + 400 + 800 + 223 + 244 + 164 + 134 + 198 + 224 + 196 + 244 + 2550 + 4200 + 500 + 120 = 20830 мм;ok;"локальная модель, без API; авто: D6 вернул участок, D18 вернул длину; авто: D19 внутри D5, D20 внутри D6; ручной визуальный аудит; авто: D19 вернул участок, D20 вернул участок"
125;SW_1003;50980;50,980;380 + 6000 + 6000 + 12980 + 19100 + 450 + 1600 + 3800 + 550 + 120 = 50980 мм;ok;"локальная модель, без API; ручной визуальный аудит; авто: D4 полный участок, D9 полный участок, D5 внутри D9, D7 внутри D9, D8 внутри D9"
126;SW_1003;19272;19,272;1180 + 3380 + 550 + 1300 + 1006 + 2882 + 3150 + 225 + 800 + 4799 = 19272 мм;ok;"локальная модель, без API; авто: D4 внутри D5; ручной визуальный аудит"
127;SW_1004;11207;11,207;217 + 133 + 274 + 206 + 304 + 173 + 356 + 470 + 940 + 1009 + 1450 + 1325 + 2350 + 1800 + 120 + 80 = 11207 мм;ok;"локальная модель, без API; авто: D16 внутри D3; ручной визуальный аудит; авто: D16 вернул участок"
128;SW_1004;11289;11,289;2546 + 180 + 38 + 225 + 280 + 600 + 1000 + 4400 + 1000 + 320 + 520 + 180 = 11289 мм;ok;"локальная модель, без API; авто: D10 вернул участок; ручной визуальный аудит"
129;SW_1009;860;0,860;195 + 123 + 244 + 123 + 175 = 860 мм;ok;"локальная модель, без API; авто: D2 вернул длину, D3 вернул длину, D4 вернул длину; ручной визуальный аудит"
130;SW_1010;3065;3,065;469 + 244 + 220 + 188 + 134 + 550 + 327 + 244 + 469 + 220 = 3065 мм;ok;"локальная модель, без API; авто: D1 штурвал; авто: D9 внутри D13; ручной визуальный аудит; авто: D6 габарит пара, D9 вернул участок"
131;SW_1010;3664;3,664;135 + 134 + 137 + 41 + 810 + 28 + 615 + 529 + 324 + 752 + 159 = 3664 мм;ok;"локальная модель, без API; авто: D12 вернул длину; ручной визуальный аудит"
132;SW_1011;1984;1,984;30 + 21 + 21 + 469 + 244 + 327 + 188 + 134 + 550 = 1984 мм;ok;"локальная модель, без API; авто: D2 вернул длину, D3 вернул длину; ручной визуальный аудит"
133;SW_1011;4475;4,475;2450 + 327 + 244 + 469 + 30 + 21 + 21 + 220 + 135 + 134 + 228 + 146 + 50 = 4475 мм;ok;"локальная модель, без API; авто: D6 вернул длину; ручной визуальный аудит"
134;SW_1012;5460;5,460;154 + 341 + 220 + 188 + 134 + 550 + 2450 + 341 + 244 + 149 + 220 + 135 + 134 + 200 = 5460 мм;ok;"локальная модель, без API; ручной визуальный аудит; авто: D5 вернул длину; авто: D5 габарит LT"
135;SW_1013;15071;15,071;120 + 80 + 2046 + 10300 + 2075 + 450 = 15071 мм;ok;"локальная модель, без API; авто: D8 вернул участок; ручной визуальный аудит; авто: D5 внутри D8, D6 внутри D8, D7 внутри D8"
136;SW_1013;8277;8,277;150 + 1788 + 1841 + 1200 + 1159 + 939 + 1200 = 8277 мм;ok;"локальная модель, без API; авто: D4 внутри D5; ручной визуальный аудит; авто: D8 полный участок"
137;SW_1014;2455;2,455;130 + 225 + 650 + 884 + 221 + 50 + 295 = 2455 мм;ok;"локальная модель, без API; ручной визуальный аудит"
138;SW_1014;2793;2,793;802 + 229 + 176 + 178 + 330 + 222 + 159 + 150 + 203 + 344 = 2793 мм;ok;"локальная модель, без API; авто: D7 штурвал; авто: D4 внутри D5; ручной визуальный аудит"
139;SW_1015;2455;2,455;130 + 225 + 650 + 884 + 221 + 50 + 295 = 2455 мм;ok;"локальная модель, без API; ручной визуальный аудит; авто: D6 габарит пара"
140;SW_1015;3490;3,490;372 + 802 + 233 + 244 + 159 + 178 + 244 + 330 + 222 + 159 + 203 + 344 = 3490 мм;ok;"локальная модель, без API; авто: D14 внутри D15; ручной визуальный аудит"
141;SW_1019;7171;7,171;128 + 244 + 206 + 224 + 128 + 322 + 860 + 1000 + 1454 + 430 + 2175 = 7171 мм;ok;"локальная модель, без API; авто: D11 внутри D12; ручной визуальный аудит; авто: D7 габарит пара, D11 вернул участок"
142;SW_1019;8505;8,505;75 + 2900 + 525 + 300 + 3780 + 300 + 475 + 150 = 8505 мм;ok;"локальная модель, без API; авто: D9 внутри D10; ручной визуальный аудит; авто: D2 внутри D3"
143;SW_1020;13127;13,127;153 + 244 + 178 + 168 + 146 + 178 + 224 + 548 + 1948 + 3750 + 4290 + 1300 = 13127 мм;ok;"локальная модель, без API; авто: D1 вернул длину, D2 вернул длину; авто: D9 внутри D10; ручной визуальный аудит; авто: D14 габарит пара"
144;SW_1020;19912;19,912;75 + 5400 + 1860 + 300 + 1650 + 5100 + 600 + 1559 + 3368 = 19912 мм;ok;"локальная модель, без API; авто: D6 вернул участок; авто: D7 внутри D8; ручной визуальный аудит"
145;SW_1020;10729;10,729;75 + 330 + 659 + 2129 + 600 + 2240 + 2411 + 452 + 960 + 316 + 557 = 10729 мм;ok;"локальная модель, без API; ручной визуальный аудит"
146;SW_1021;1819;1,819;78 + 81 + 198 + 205 + 82 + 171 + 81 + 78 + 845 = 1819 мм;ok;"локальная модель, без API; ручной визуальный аудит"
147;SW_1022;10858;10,858;695 + 700 + 1975 + 4100 + 888 + 300 + 2200 = 10858 мм;ok;"локальная модель, без API; авто: D2 внутри D3; ручной визуальный аудит; авто: D4 габарит пара, D2 вернул участок"
148;SW_1022;11851;11,851;140 + 154 + 178 + 880 + 1603 + 3399 + 585 + 1300 + 988 + 2624 = 11851 мм;ok;"локальная модель, без API; ручной визуальный аудит"
149;P21_1017;6641;6,641;144 + 182 + 183 + 190 + 226 + 455 + 188 + 182 + 223 + 825 + 254 + 1343 + 2043 + 185 + 18 = 6641 мм;ok;"локальная модель, без API; авто: D14 внутри D17, D12 вернул участок, D21 вернул длину; авто: D14 вернул участок; ручной визуальный аудит; авто: D13 габарит пара, D14 внутри участка, D14 вернул участок; авто: D14 внутри участка, D14 вернул участок"
150;P21_1017;15882;15,882;18 + 2803 + 1982 + 1982 + 166 + 3368 + 1900 + 1350 + 2275 + 38 = 15882 мм;ok;"локальная модель, без API; авто: D1 вернул длину; авто: D2 внутри D3, D7 внутри D8, D10 внутри D11; ручной визуальный аудит; авто: D12 габарит пара, D10 вернул участок"
151;P21_1017;21219;21,219;3492 + 2503 + 2947 + 90 + 5510 + 1638 + 1463 + 200 + 90 + 1065 + 2221 = 21219 мм;ok;"локальная модель, без API; авто: D7 внутри D8; ручной визуальный аудит; авто: D11 внутри D14, D6 габарит рядом с D3"
152;P21_1017;24129;24,129;38 + 1475 + 463 + 7650 + 1550 + 90 + 12825 + 38 = 24129 мм;ok;"локальная модель, без API; авто: D8 вернул участок; авто: D15 вернул участок; авто: D4 внутри D8; авто: D3 внутри D4, D5 внутри D8, D6 внутри D8, D10 внутри D11, D12 внутри D11, D4 вернул полный участок; ручной визуальный аудит; авто: D4 внутри D8, D7 внутри D15, D11 внутри D15, D14 внутри D15, D3 вернул участок"
153;P21_1017;31623;31,623;1462 + 2487 + 375 + 3825 + 375 + 1300 + 4400 + 4940 + 12459 = 31623 мм;ok;"локальная модель, без API; авто: D11 вернул участок, D13 вернул участок; авто: D4 внутри D5, D7 внутри D8, D10 внутри D11, D12 внутри D11; ручной визуальный аудит; авто: D9 внутри D13, D10 вернул полный участок"
154;P21_1017;14190;14,190;38 + 1388 + 229 + 10025 + 560 + 1950 = 14190 мм;ok;"локальная модель, без API; авто: D2 внутри D3, D5 внутри D6, D9 внутри D10, D10 вернул полный участок, D10 габарит рядом с D8; авто: D10 вернул полный участок, D10 габарит рядом с D8; авто: D10 вернул полный участок, D10 габарит рядом с D8; ручной визуальный аудит; авто: D6 внутри D10, D7 внутри D10, D8 внутри D10"
155;SW_1018;13631;13,631;153 + 244 + 1100 + 244 + 353 + 198 + 224 + 350 + 200 + 3016 + 2083 + 2450 + 3016 = 13631 мм;ok;"локальная модель, без API; ручной визуальный аудит; авто: D14 внутри D15"
156;CO_0116;12450;12,450;2315 + 950 + 2600 + 1400 + 2200 + 710 + 201 + 386 + 394 + 361 + 247 + 134 + 158 + 394 = 12450 мм;ok;"локальная модель, без API; авто: D2 вернул длину, D7 вернул длину, D9 вернул длину; авто: D12 габарит пара; авто: D3 внутри D6, D11 внутри D7; ручной визуальный аудит; авто: D12 габарит пара, D11 вернул участок"
157;CO_0116;26146;26,146;361 + 300 + 1141 + 740 + 394 + 710 + 2200 + 1400 + 2600 + 950 + 14000 + 1350 = 26146 мм;ok;"локальная модель, без API; авто: D14 вернул участок, D3 вернул длину, D6 вернул длину; авто: D15 внутри D13; ручной визуальный аудит; авто: D9 внутри D10, D12 внутри D14, D13 внутри D14, D15 вернул участок"
158;CO_0116;36784;36,784;1860 + 8840 + 2142 + 1450 + 2142 + 1450 + 14250 + 4650 = 36784 мм;ok;"локальная модель, без API; авто: D3 габарит Н.О., D11 вернул участок, D12 вернул участок, D3 полный размер, D2 опора в D3, D4 опора в D3; авто: D3 габарит Н.О., D2 вернул участок, D4 вернул участок, D3 полный размер, D2 опора в D3, D4 опора в D3; авто: D3 габарит Н.О., D2 вернул участок, D4 вернул участок, D13 вернул участок, D3 полный размер, D2 опора в D3, D4 опора в D3; авто: D3 габарит Н.О., D2 вернул участок, D4 вернул участок, D3 полный размер, D2 опора в D3, D4 опора в D3; авто: D3 габарит Н.О., D2 вернул участок, D4 вернул участок, D3 полный размер, D2 опора в D3, D4 опора в D3; авто: D3 габарит Н.О., D2 вернул участок, D4 вернул участок, D3 полный размер, D2 опора в D3, D4 опора в D3; авто: D3 габарит Н.О., D2 вернул участок, D4 вернул участок, D3 полный размер, D2 опора в D3, D4 опора в D3; авто: D3 габарит Н.О., D2 вернул участок, D4 вернул участок, D3 полный размер, D2 опора в D3, D4 опора в D3; авто: D3 габарит Н.О., D7 внутри D11, D10 внутри D12, D2 вернул участок, D4 вернул участок, D3 полный размер, D2 опора в D3, D4 опора в D3; авто: D3 габарит Н.О., D2 вернул участок, D4 вернул участок, D3 полный размер, D2 опора в D3, D4 опора в D3; авто: D3 габарит Н.О., D2 вернул участок, D4 вернул участок, D3 полный размер, D2 опора в D3, D4 опора в D3; ручной визуальный аудит; авто: D3 габарит Н.О., D5 габарит пара, D8 габарит пара, D2 внутри D3, D11 внутри D13, D12 внутри D13, D7 вернул участок, D10 вернул участок, D3 полный размер, D4 опора в D3; авто: D3 габарит Н.О., D4 вернул участок, D3 полный размер, D4 опора в D3"
159;CO_0116;24820;24,820;550 + 7100 + 7000 + 950 + 4700 + 2952 + 400 + 248 + 159 + 400 + 361 = 24820 мм;ok;"локальная модель, без API; авто: D2 вернул длину, D4 вернул длину, D5 вернул длину, D13 вернул длину; авто: D2 внутри D3, D4 внутри D5; ручной визуальный аудит; авто: D14 габарит пара"
160;CO_0117;41484;41,484;3000 + 17450 + 1900 + 9150 + 4300 + 2142 + 1100 + 2142 + 300 = 41484 мм;ok;"локальная модель, без API; авто: D8 габарит Н.О., D7 вернул участок, D8 полный размер, D7 опора в D8; авто: D8 габарит Н.О., D13 габарит пара, D7 вернул участок, D8 полный размер, D7 опора в D8; авто: D8 габарит Н.О., D7 вернул участок, D8 полный размер, D7 опора в D8; авто: D8 габарит Н.О., D7 вернул участок, D8 полный размер, D7 опора в D8; авто: D8 габарит Н.О., D7 вернул участок, D8 полный размер, D7 опора в D8; авто: D8 габарит Н.О., D7 вернул участок, D8 полный размер, D7 опора в D8; авто: D8 габарит Н.О., D7 вернул участок, D8 полный размер, D7 опора в D8; авто: D8 габарит Н.О., D7 вернул участок, D8 полный размер, D7 опора в D8; авто: D8 габарит Н.О., D9 внутри D7, D7 вернул полный участок, D8 полный размер, D7 опора в D8; авто: D8 габарит Н.О., D7 вернул полный участок, D8 полный размер, D7 опора в D8; авто: D8 габарит Н.О., D7 вернул полный участок, D8 полный размер, D7 опора в D8; ручной визуальный аудит; авто: D8 габарит Н.О., D13 габарит пара, D2 внутри D4, D3 внутри D4, D5 внутри D4, D8 полный размер; авто: D8 габарит Н.О., D8 полный размер"
161;CO_0117;40386;40,386;14160 + 4640 + 700 + 7100 + 6350 + 950 + 4350 + 2136 = 40386 мм;ok;"локальная модель, без API; авто: D6 вернул длину, D7 вернул длину, D9 вернул длину, D10 вернул длину, D14 вернул длину; авто: D1 внутри D2, D9 внутри D10, D12 внутри D13; ручной визуальный аудит; авто: D2 внутри D4, D3 внутри D4, D7 внутри D10"
162;CW_1001;3861;3,861;958 + 1421 + 274 + 50 + 250 + 140 + 318 + 450 = 3861 мм;ok;"локальная модель, без API; авто: D1 вернул длину, D6 вернул длину, D8 вернул длину, D9 вернул длину; ручной визуальный аудит; авто: D4 габарит пара, D7 толщина изоляции"
163;CWRI_1001;10696;10,696;375 + 2928 + 140 + 575 + 3500 + 150 + 446 + 2392 + 140 + 50 = 10696 мм;ok;"локальная модель, без API; авто: D10 штурвал; ручной визуальный аудит"
164;CWRI_1001;4361;4,361;250 + 306 + 1403 + 575 + 500 + 274 + 140 + 183 + 730 = 4361 мм;ok;"локальная модель, без API; авто: D7 вернул длину, D9 вернул длину, D10 вернул длину; ручной визуальный аудит"
165;SW_1018;37990;37,990;2288 + 657 + 1400 + 3912 + 1200 + 3950 + 800 + 6000 + 1615 + 7150 + 260 + 1799 + 2334 + 4625 = 37990 мм;ok;"локальная модель, без API; авто: D4 внутри D1, D6 внутри D7, D13 внутри D14, D16 внутри D17; ручной визуальный аудит; авто: D11 габарит пара, D16 вернул участок"
166;SW_1018;20101;20,101;75 + 1416 + 2700 + 2419 + 4280 + 1402 + 700 + 255 + 498 + 178 + 168 + 146 + 3484 + 301 + 2079 = 20101 мм;ok;"локальная модель, без API; авто: D17 вернул участок; авто: D15 внутри D17, D19 внутри D6, D9 вернул полный участок; ручной визуальный аудит; авто: D4 внутри D6, D9 внутри участка, D9 вернул участок; авто: D9 внутри участка, D9 вернул участок"
167;SW_1018;13633;13,633;75 + 965 + 600 + 3000 + 4975 + 1300 + 498 + 244 + 206 + 224 + 253 + 453 + 171 + 178 + 224 + 250 + 17 = 13633 мм;ok;"локальная модель, без API; авто: D3 вернул участок, D5 вернул участок, D19 вернул длину; авто: D7 внутри D8; ручной визуальный аудит"
168;SW_1018;12761;12,761;50 + 1300 + 498 + 244 + 206 + 224 + 453 + 171 + 146 + 178 + 224 + 2425 + 1300 + 1750 + 1300 + 2275 + 17 = 12761 мм;ok;"локальная модель, без API; авто: D11 внутри D19, D23 вернул длину, D11 два прогона с D10; авто: D3 внутри D4, D8 внутри D9, D12 внутри D9, D14 внутри D15, D16 внутри D17; ручной визуальный аудит; авто: D19 габарит пара, D12 вернул участок"
169;SW_1018;7247;7,247;50 + 1300 + 498 + 244 + 206 + 224 + 253 + 453 + 171 + 178 + 224 + 300 + 1300 + 498 + 244 + 206 + 453 + 171 + 224 + 50 = 7247 мм;ok;"локальная модель, без API; авто: D4 внутри D2, D25 внутри D22; авто: D3 внутри D15, D6 внутри D9, D7 внутри D8, D16 внутри D4, D21 внутри D22, D4 вернул полный участок; ручной визуальный аудит; авто: D20 габарит пара, D4 внутри участка, D4 вернул полный участок, D6 вернул участок, D7 вернул участок; авто: D4 внутри участка, D4 вернул полный участок"
170;SW_1018;14014;14,014;3400 + 6450 + 1300 + 498 + 244 + 206 + 224 + 253 + 453 + 171 + 146 + 178 + 224 + 250 + 17 = 14014 мм;ok;"локальная модель, без API; авто: D1 внутри D2, D3 вернул участок, D17 вернул длину; авто: D5 внутри D6, D6 вернул полный участок; ручной визуальный аудит; авто: D6 внутри участка, D6 вернул полный участок; авто: D6 внутри участка, D6 вернул полный участок"
171;SW_1018;8138;8,138;50 + 1300 + 275 + 498 + 244 + 206 + 224 + 453 + 171 + 146 + 178 + 224 + 1150 + 3000 + 19 = 8138 мм;ok;"локальная модель, без API; авто: D14 габарит Н.О., D5 внутри D4, D18 вернул длину, D14 полный размер; авто: D14 габарит Н.О., D14 полный размер; авто: D14 габарит Н.О., D14 полный размер; авто: D14 габарит Н.О., D14 полный размер; авто: D14 габарит Н.О., D14 полный размер; авто: D14 габарит Н.О., D14 полный размер; авто: D14 габарит Н.О., D14 полный размер; авто: D14 габарит Н.О., D14 полный размер; авто: D14 габарит Н.О., D8 внутри D9, D12 внутри D9, D5 вернул участок, D14 полный размер; авто: D14 габарит Н.О., D14 полный размер; авто: D14 габарит Н.О., D14 полный размер; ручной визуальный аудит; авто: D14 габарит Н.О., D16 габарит пара, D5 внутри участка, D5 вернул участок, D12 вернул участок, D14 полный размер; авто: D14 габарит Н.О., D5 внутри участка, D5 вернул участок, D14 полный размер"
172;SW_1018;7737;7,737;50 + 1300 + 498 + 244 + 206 + 224 + 215 + 453 + 171 + 178 + 224 + 575 + 1300 + 498 + 244 + 206 + 253 + 453 + 171 + 224 + 50 = 7737 мм;ok;"локальная модель, без API; авто: D4 внутри D2, D25 внутри D22, D8 вернул участок; авто: D3 внутри D15, D6 внутри D4, D8 внутри D5, D16 внутри D4, D21 внутри D22, D4 вернул полный участок; ручной визуальный аудит; авто: D20 габарит пара, D4 внутри участка, D4 вернул полный участок, D6 вернул участок, D8 вернул участок, D21 вернул полный участок; авто: D4 внутри участка, D4 вернул полный участок"
173;SW_1018;13196;13,196;300 + 2475 + 1375 + 1350 + 401 + 1375 + 2404 + 1300 + 498 + 244 + 206 + 253 + 453 + 171 + 146 + 178 + 50 + 17 = 13196 мм;ok;"локальная модель, без API; авто: D15 штурвал, D1 вернул участок, D23 вернул длину; авто: D7 габарит пара; авто: D3 внутри D4, D8 внутри D9, D11 внутри D12, D14 внутри D17, D12 вернул полный участок; ручной визуальный аудит; авто: D12 внутри участка, D12 вернул полный участок, D14 вернул участок; авто: D12 внутри участка, D12 вернул полный участок"
174;SW_1018;14288;14,288;250 + 1300 + 498 + 244 + 206 + 224 + 453 + 171 + 146 + 178 + 224 + 972 + 3000 + 6422 = 14288 мм;ok;"локальная модель, без API; авто: D5 внутри D4, D3 вернул участок; авто: D1 внутри D14, D3 внутри D4, D8 внутри D9, D12 внутри D9, D5 вернул участок; ручной визуальный аудит; авто: D5 внутри участка, D1 вернул участок, D5 вернул участок, D12 вернул участок; авто: D5 внутри участка, D5 вернул участок"
175;SW_1018;7052;7,052;50 + 1300 + 498 + 244 + 206 + 253 + 453 + 171 + 178 + 300 + 1300 + 498 + 244 + 206 + 253 + 453 + 171 + 224 + 50 = 7052 мм;ok;"локальная модель, без API; авто: D4 внутри D2, D25 внутри D22; авто: D3 внутри D15, D6 внутри D9, D7 внутри D8, D13 внутри D8, D16 внутри D4, D21 внутри D22, D4 вернул полный участок; ручной визуальный аудит; авто: D20 габарит пара, D4 внутри участка, D4 вернул полный участок, D6 вернул участок, D21 вернул полный участок; авто: D4 внутри участка, D4 вернул полный участок"
176;SW_1018;13169;13,169;250 + 2350 + 1300 + 1350 + 1300 + 2750 + 1300 + 275 + 498 + 244 + 206 + 253 + 453 + 171 + 178 + 224 + 50 + 17 = 13169 мм;ok;"локальная модель, без API; авто: D23 вернул длину; авто: D3 внутри D4, D6 внутри D4, D12 внутри D9, D15 внутри D16, D19 внутри D20; ручной визуальный аудит; авто: D8 внутри D9, D12 вернул участок"
177;SW_1018;16144;16,144;250 + 1300 + 535 + 244 + 206 + 224 + 453 + 171 + 146 + 178 + 224 + 563 + 3000 + 2200 + 6450 = 16144 мм;ok;"локальная модель, без API; авто: D5 внутри D4, D17 вернул участок; авто: D1 внутри D14, D3 внутри D4, D8 внутри D9, D12 внутри D9, D16 внутри D15, D5 вернул участок; ручной визуальный аудит; авто: D5 внутри участка, D1 вернул участок, D5 вернул участок, D12 вернул участок, D16 вернул участок; авто: D5 внутри участка, D5 вернул участок"
178;SW_1018;7791;7,791;50 + 1300 + 289 + 498 + 244 + 206 + 224 + 253 + 453 + 171 + 178 + 224 + 300 + 1300 + 275 + 528 + 244 + 206 + 453 + 171 + 224 = 7791 мм;ok;"локальная модель, без API; авто: D4 внутри D15; авто: D6 внутри D9, D7 внутри D8, D21 внутри D22, D4 вернул участок; ручной визуальный аудит; авто: D20 габарит пара, D4 внутри участка, D4 вернул участок, D6 вернул участок, D7 вернул участок; авто: D4 внутри участка, D4 вернул участок"
179;CO_0102;13860;13,860;1500 + 950 + 450 + 750 + 1106 + 254 + 5400 + 665 + 2705 + 80 = 13860 мм;ok;"локальная модель, без API; авто: D8 вернул участок; авто: D4 внутри D5, D9 внутри D10; ручной визуальный аудит"
180;CO_0102;7147;7,147;2124 + 3160 + 75 + 218 + 45 + 400 + 950 + 175 = 7147 мм;ok;"локальная модель, без API; авто: D7 вернул длину, D8 вернул длину, D9 вернул длину, D10 вернул длину; авто: D9 внутри D10; ручной визуальный аудит; авто: D2 габарит пара, D3 внутри D4"
181;CO_0102;8050;8,050;3770 + 1263 + 689 + 45 + 198 + 244 + 123 + 141 + 164 + 134 + 164 + 266 + 150 + 75 + 237 + 387 = 8050 мм;ok;"локальная модель, без API; авто: D16 внутри D2; ручной визуальный аудит; авто: D16 вернул участок"
182;CO_0103;10062;10,062;1500 + 1150 + 2900 + 400 + 2433 + 1091 + 314 + 274 = 10062 мм;ok;"локальная модель, без API; авто: D6 вернул длину; авто: D3 внутри D4; ручной визуальный аудит"
183;CO_0103;5670;5,670;173 + 275 + 181 + 178 + 274 + 219 + 761 + 235 + 274 + 2039 + 120 + 154 + 181 + 606 = 5670 мм;ok;"локальная модель, без API; авто: D5 штурвал, D2 вернул участок, D8 вернул участок, D13 вернул длину, D14 вернул длину; авто: D8 внутри D7; ручной визуальный аудит; авто: D3 габарит пара, D9 габарит пара, D8 вернул участок"
184;CO_0103;12498;12,498;390 + 7800 + 897 + 45 + 490 + 498 + 653 + 1725 = 12498 мм;ok;"локальная модель, без API; авто: D4 внутри D5, D11 внутри D6; ручной визуальный аудит; авто: D7 габарит пара, D11 вернул участок"
185;CO_0103;19637;19,637;600 + 2895 + 2032 + 5161 + 2865 + 3030 + 75 + 218 + 45 + 1107 + 1125 + 240 + 244 = 19637 мм;ok;"локальная модель, без API; авто: D13 вернул длину, D14 вернул длину, D15 вернул длину; авто: D1 внутри D2, D4 внутри D6, D7 внутри D5, D14 внутри D11; ручной визуальный аудит; авто: D4 вернул участок, D7 вернул участок, D14 вернул участок"
186;IA_0002;10265;10,265;505 + 130 + 1465 + 217 + 239 + 350 + 590 + 343 + 217 + 2537 + 1237 + 1855 + 355 + 225 = 10265 мм;ok;"локальная модель, без API; авто: D12 штурвал, D8 вернул длину, D9 вернул длину, D17 вернул длину; авто: D8 внутри D9, D9 внутри D15; авто: D9 вернул полный участок; ручной визуальный аудит; авто: D9 внутри участка, D9 вернул полный участок; авто: D9 внутри участка, D9 вернул полный участок"
187;IA_0003;3405;3,405;153 + 140 + 209 + 209 + 50 + 54 + 54 + 2536 = 3405 мм;ok;"локальная модель, без API; ручной визуальный аудит"
188;CO_0048;5974;5,974;1044 + 2750 + 2180 = 5974 мм;ok;"локальная модель, без API; ручной визуальный аудит"
189;CO_0048;4888;4,888;80 + 391 + 459 + 274 + 313 + 309 + 181 + 134 + 212 + 274 + 358 + 1046 + 503 + 274 + 80 = 4888 мм;ok;"локальная модель, без API; авто: D1 вернул длину, D3 вернул длину; авто: D5 внутри D3; ручной визуальный аудит; авто: D5 вернул участок"
190;CO_0048;4497;4,497;1730 + 997 + 1650 + 120 = 4497 мм;ok;"локальная модель, без API; ручной визуальный аудит"
191;CO_0048;32282;32,282;1080 + 2825 + 3175 + 3000 + 530 + 3588 + 2942 + 4500 + 2562 + 1880 + 2585 + 1145 + 2350 + 120 = 32282 мм;ok;"локальная модель, без API; авто: D3 внутри D2; авто: D15 габарит пара; авто: D8 внутри D7; ручной визуальный аудит; авто: D8 вернул участок"
192;CO_0048;7770;7,770;900 + 1780 + 498 + 2192 + 470 + 181 + 134 + 205 + 530 + 606 + 274 = 7770 мм;ok;"локальная модель, без API; авто: D1 вернул длину, D2 вернул длину, D3 вернул длину; авто: D3 внутри D4; ручной визуальный аудит; авто: D3 вернул участок"
193;CO_0049;23868;23,868;1044 + 5324 + 7700 + 450 + 800 + 1450 + 1125 + 2825 + 3150 = 23868 мм;ok;"локальная модель, без API; авто: D6 внутри D7; ручной визуальный аудит"
194;CO_0049;20816;20,816;3000 + 430 + 3665 + 4500 + 2198 + 4588 + 2435 = 20816 мм;ok;"локальная модель, без API; авто: D7 внутри D8; авто: D2 внутри D4; ручной визуальный аудит; авто: D4 внутри D1, D2 вернул участок"
195;CO_0049;10942;10,942;2365 + 2700 + 1220 + 2100 + 223 + 578 + 1756 = 10942 мм;ok;"локальная модель, без API; авто: D4 вернул длину, D5 вернул длину, D6 вернул длину; ручной визуальный аудит; авто: D1 внутри D2"
196;CO_0068;10189;10,189;1044 + 5779 + 450 + 1186 + 1730 = 10189 мм;ok;"локальная модель, без API; ручной визуальный аудит"
197;CO_0068;4065;4,065;80 + 490 + 1046 + 345 + 233 + 181 + 134 + 300 + 313 + 459 + 404 + 80 = 4065 мм;ok;"локальная модель, без API; авто: D11 штурвал, D14 штурвал, D1 вернул длину; ручной визуальный аудит"
198;CO_0068;22089;22,089;1730 + 4247 + 2065 + 270 + 2246 + 9700 + 1711 + 120 = 22089 мм;ok;"локальная модель, без API; авто: D6 вернул участок; ручной визуальный аудит"
199;CO_0068;14718;14,718;1110 + 6720 + 1730 + 352 + 249 + 249 + 2440 + 530 + 181 + 134 + 470 + 279 + 274 = 14718 мм;ok;"локальная модель, без API; авто: D3 вернул длину, D4 вернул длину, D5 вернул длину, D6 вернул длину; авто: D11 внутри D8; ручной визуальный аудит; авто: D11 вернул участок"
200;CO_0069;9120;9,120;2656 + 2600 + 270 + 1954 + 1640 = 9120 мм;ok;"локальная модель, без API; авто: D5 вернул участок; авто: D5 координата; ручной визуальный аудит; авто: D5 координата"
201;CO_0069;11099;11,099;120 + 1245 + 6780 + 870 + 2084 = 11099 мм;ok;"локальная модель, без API; авто: D4 вернул длину, D5 вернул длину; ручной визуальный аудит"
202;CW_0001;3656;3,656;400 + 675 + 247 + 50 + 425 + 413 + 247 + 250 + 549 + 400 = 3656 мм;ok;"локальная модель, без API; авто: D10 штурвал, D7 вернул длину; ручной визуальный аудит"
203;CW_1007;1767;1,767;75 + 550 + 188 + 164 + 75 + 164 + 140 + 161 + 250 = 1767 мм;ok;"локальная модель, без API; авто: D5 внутри D4; ручной визуальный аудит"
204;CW_1008;2830;2,830;300 + 1200 + 247 + 200 + 247 + 50 + 186 + 400 = 2830 мм;ok;"локальная модель, без API; авто: D8 штурвал, D7 вернул длину, D9 вернул длину; ручной визуальный аудит"
205;CW_1009;2134;2,134;75 + 413 + 184 + 190 + 188 + 233 + 184 + 190 + 186 + 24 + 267 = 2134 мм;ok;"локальная модель, без API; авто: D11 вернул длину; ручной визуальный аудит; авто: D5 внутри D4"
206;CWRI_0001;11727;11,727;300 + 866 + 690 + 1100 + 1100 + 4405 + 364 + 2852 + 50 = 11727 мм;ok;"локальная модель, без API; авто: D3 штурвал, D12 штурвал, D7 вернул длину; ручной визуальный аудит; авто: D3 штурвал, D11 штурвал"
207;CWRI_0001;4853;4,853;250 + 1241 + 558 + 644 + 987 + 247 + 140 + 186 + 600 = 4853 мм;ok;"локальная модель, без API; авто: D3 внутри D5; ручной визуальный аудит"
208;CWRII_1003;6287;6,287;75 + 778 + 550 + 550 + 2441 + 164 + 140 + 200 + 885 + 164 + 140 + 50 + 150 = 6287 мм;ok;"локальная модель, без API; ручной визуальный аудит"
209;CWRII_1003;2922;2,922;75 + 80 + 243 + 1118 + 80 + 75 + 313 + 243 + 164 + 140 + 161 + 230 = 2922 мм;ok;"локальная модель, без API; авто: D9 внутри D10; ручной визуальный аудит"
210;CWRII_1004;11023;11,023;300 + 1697 + 1200 + 1200 + 3565 + 247 + 450 + 364 + 1703 + 247 + 50 = 11023 мм;ok;"локальная модель, без API; авто: D7 штурвал; ручной визуальный аудит"
211;CWRII_1004;3660;3,660;250 + 257 + 1324 + 519 + 737 + 247 + 140 + 186 = 3660 мм;ok;"локальная модель, без API; авто: D7 вернул длину, D8 вернул длину; авто: D6 внутри D7; ручной визуальный аудит"
212;CWRII_1005;7219;7,219;75 + 692 + 184 + 190 + 156 + 600 + 600 + 2807 + 1346 + 184 + 190 + 50 + 145 = 7219 мм;ok;"локальная модель, без API; ручной визуальный аудит"
213;CWRII_1005;3121;3,121;75 + 80 + 245 + 1310 + 80 + 75 + 460 + 200 + 184 + 190 + 198 + 24 = 3121 мм;ok;"локальная модель, без API; авто: D11 внутри D10, D15 вернул длину; авто: D9 внутри D10, D11 вернул участок; ручной визуальный аудит; авто: D11 внутри участка, D11 вернул участок; авто: D11 внутри участка, D11 вернул участок"
214;CO_0030;24406;24,406;2000 + 1900 + 1253 + 4000 + 4000 + 5372 + 5600 + 281 = 24406 мм;ok;"локальная модель, без API; авто: D9 вернул участок; авто: D5 внутри D7; ручной визуальный аудит; авто: D4 полный участок, D6 полный участок, D8 полный участок, D7 внутри D9"
215;CO_0030;18308;18,308;6000 + 3000 + 3200 + 2800 + 1550 + 354 + 250 + 250 + 904 = 18308 мм;ok;"локальная модель, без API; авто: D8 вернул длину, D9 вернул длину; авто: D4 внутри D3; ручной визуальный аудит; авто: D5 полный участок"
216;CO_0031;13788;13,788;1057 + 294 + 203 + 300 + 191 + 134 + 300 + 800 + 1704 + 1194 + 357 + 3150 + 904 + 3200 = 13788 мм;ok;"локальная модель, без API; авто: D13 внутри D12, D9 вернул длину, D10 вернул длину, D12 вернул длину; авто: D11 внутри D13, D13 вернул полный участок; ручной визуальный аудит; авто: D13 внутри участка, D11 вернул участок, D13 вернул участок; авто: D13 внутри участка, D13 вернул участок"
217;CO_0031;33557;33,557;3000 + 704 + 6000 + 5600 + 453 + 5200 + 748 + 4000 + 2748 + 4000 + 1104 = 33557 мм;ok;"локальная модель, без API; авто: D3 вернул участок; авто: D6 внутри D8, D9 внутри D7; ручной визуальный аудит; авто: D6 вернул участок, D9 вернул участок"
218;CO_0031;11168;11,168;100 + 428 + 449 + 294 + 303 + 334 + 194 + 244 + 203 + 294 + 303 + 1046 + 428 + 294 + 3104 + 1150 + 2000 = 11168 мм;ok;"локальная модель, без API; авто: D1 вернул длину, D3 вернул длину, D4 вернул длину; авто: D4 внутри D7, D10 внутри D12, D13 внутри D16, D15 вернул участок; ручной визуальный аудит; авто: D15 внутри участка, D4 вернул участок, D10 вернул участок, D13 вернул участок, D15 вернул участок; авто: D15 внутри участка, D15 вернул участок"
219;CW_1002;4066;4,066;417 + 750 + 251 + 146 + 450 + 450 + 251 + 146 + 50 + 712 + 30 + 413 = 4066 мм;ok;"локальная модель, без API; авто: D3 вернул длину, D5 вернул длину, D6 вернул длину, D10 вернул длину, D12 вернул длину, D13 вернул длину; авто: D10 внутри D6; ручной визуальный аудит"
220;CW_1003;2298;2,298;213 + 475 + 225 + 300 + 584 + 50 + 201 + 250 = 2298 мм;ok;"локальная модель, без API; авто: D5 штурвал; ручной визуальный аудит"
221;CW_1005;4302;4,302;375 + 675 + 274 + 140 + 525 + 525 + 274 + 140 + 50 + 275 + 599 + 450 = 4302 мм;ok;"локальная модель, без API; авто: D3 вернул длину, D5 вернул длину, D6 вернул длину, D12 вернул длину; ручной визуальный аудит"
222;CW_1006;3703;3,703;375 + 675 + 274 + 140 + 525 + 525 + 274 + 140 + 50 + 275 + 450 = 3703 мм;ok;"локальная модель, без API; авто: D5 вернул длину, D12 вернул длину; ручной визуальный аудит"
223;CWRI_1002;16555;16,555;554 + 461 + 251 + 146 + 4973 + 5300 + 1200 + 388 + 1601 + 280 + 1401 = 16555 мм;ok;"локальная модель, без API; авто: D1 вернул длину; ручной визуальный аудит"
224;CWRI_1002;3399;3,399;300 + 251 + 146 + 50 + 500 + 888 + 251 + 146 + 243 + 30 + 594 = 3399 мм;ok;"локальная модель, без API; авто: D6 вернул участок, D8 вернул длину, D10 вернул длину, D11 вернул длину, D12 вернул длину; авто: D6 внутри D7; ручной визуальный аудит"
225;CWRI_1003;10709;10,709;227 + 255 + 164 + 152 + 3364 + 3550 + 700 + 126 + 1707 + 164 + 50 + 250 = 10709 мм;ok;"локальная модель, без API; ручной визуальный аудит"
226;CWRI_1003;3184;3,184;80 + 221 + 1402 + 80 + 654 + 164 + 152 + 201 + 230 = 3184 мм;ok;"локальная модель, без API; авто: D11 внутри D6; авто: D10 внутри D11, D11 вернул полный участок; ручной визуальный аудит; авто: D3 опора, D8 опора, D9 опора, D11 внутри участка, D11 вернул полный участок; авто: D11 внутри участка, D11 вернул полный участок"
227;CWRII_1001;19800;19,800;657 + 558 + 274 + 140 + 6347 + 6800 + 1200 + 446 + 1751 + 307 + 1320 = 19800 мм;ok;"локальная модель, без API; авто: D1 вернул длину; ручной визуальный аудит"
228;CWRII_1001;4001;4,001;300 + 274 + 140 + 50 + 575 + 525 + 274 + 140 + 325 + 668 + 730 = 4001 мм;ok;"локальная модель, без API; авто: D7 вернул длину, D9 вернул длину, D10 вернул длину, D11 вернул длину; ручной визуальный аудит"
229;CWRII_1002;19775;19,775;657 + 558 + 274 + 140 + 6347 + 6800 + 1200 + 446 + 1751 + 307 + 1295 = 19775 мм;ok;"локальная модель, без API; ручной визуальный аудит"
230;CWRII_1002;4001;4,001;300 + 274 + 140 + 50 + 575 + 525 + 274 + 140 + 325 + 668 + 730 = 4001 мм;ok;"локальная модель, без API; авто: D7 вернул длину, D9 вернул длину, D10 вернул длину, D11 вернул длину; ручной визуальный аудит"
231;CW_1010;8118;8,118;176 + 677 + 179 + 152 + 2022 + 313 + 700 + 700 + 180 + 184 + 168 + 152 + 430 + 1835 + 250 = 8118 мм;ok;"локальная модель, без API; авто: D13 внутри D14; авто: D16 внутри D13, D13 вернул полный участок; ручной визуальный аудит; авто: D13 внутри участка, D13 вернул участок, D16 вернул участок; авто: D13 внутри участка, D13 вернул участок"
232;CWRI_1005;8289;8,289;217 + 753 + 164 + 152 + 237 + 700 + 700 + 679 + 164 + 152 + 2022 + 200 + 259 + 695 + 965 + 230 = 8289 мм;ok;"локальная модель, без API; авто: D15 внутри D16; ручной визуальный аудит"
233;CWRI_1005;4323;4,323;740 + 183 + 150 + 200 + 196 + 249 + 275 + 164 + 1149 + 164 + 623 + 230 = 4323 мм;ok;"локальная модель, без API; авто: D16 штурвал; авто: D17 внутри D18; авто: D6 внутри D8; ручной визуальный аудит; авто: D4 штурвал, D11 штурвал, D14 штурвал, D16 штурвал, D6 вернул участок, D7 вернул участок; авто: D7 штурвал"
234;CWRI_1018;10390;10,390;138 + 400 + 654 + 170 + 159 + 172 + 159 + 186 + 162 + 617 + 1349 + 2424 + 3800 = 10390 мм;ok;"локальная модель, без API; авто: D3 внутри D4; авто: D11 внутри D12; ручной визуальный аудит"
235;LC_1025;3328;3,328;400 + 422 + 724 + 335 + 150 + 168 + 165 + 168 + 631 + 165 = 3328 мм;ok;"локальная модель, без API; авто: D1 вернул длину; ручной визуальный аудит; авто: D5 штурвал"
236;LC_1025;3823;3,823;1053 + 335 + 300 + 150 + 178 + 172 + 170 + 169 + 336 + 180 + 298 + 482 = 3823 мм;ok;"локальная модель, без API; авто: D18 внутри D1; ручной визуальный аудит; авто: D6 опора, D7 штурвал, D9 опора, D11 опора, D14 опора, D16 опора, D19 опора, D18 вернул участок; авто: D18 внутри участка, D18 вернул участок"
237;P15_1026;2528;2,528;142 + 50 + 2336 = 2528 мм;ok;"локальная модель, без API; ручной визуальный аудит; авто: D2 габарит пара"
238;P15_1037;6880;6,880;2364 + 950 + 500 + 1250 + 198 + 224 + 228 + 200 + 168 + 146 + 178 + 210 + 264 = 6880 мм;ok;"локальная модель, без API; ручной визуальный аудит"
239;P15_1038;9558;9,558;2364 + 1100 + 1600 + 600 + 1100 + 210 + 50 + 2334 + 200 = 9558 мм;ok;"локальная модель, без API; ручной визуальный аудит; авто: D8 штурвал, D3 внутри D4"
240;P15_1038;6754;6,754;50 + 989 + 203 + 210 + 253 + 264 + 435 + 1936 + 228 + 210 + 228 + 1001 + 210 + 187 + 350 = 6754 мм;ok;"локальная модель, без API; авто: D2 внутри D3; ручной визуальный аудит; авто: D8 штурвал, D9 штурвал"
241;P15_1038;3790;3,790;50 + 211 + 245 + 275 + 168 + 146 + 950 + 168 + 146 + 275 + 229 + 210 + 493 + 224 = 3790 мм;ok;"локальная модель, без API; ручной визуальный аудит; авто: D3 габарит пара"
242;P15_1039;21956;21,956;730 + 174 + 1406 + 1900 + 150 + 1788 + 4072 + 599 + 3626 + 5644 + 1350 + 293 + 224 = 21956 мм;ok;"локальная модель, без API; авто: D3 внутри D4; ручной визуальный аудит"
243;P15_1040;2447;2,447;142 + 50 + 2255 = 2447 мм;ok;"локальная модель, без API; ручной визуальный аудит; авто: D2 габарит пара"
244;P15_1043;6770;6,770;2384 + 1000 + 500 + 1250 + 246 + 224 + 200 + 168 + 146 + 178 + 210 + 264 = 6770 мм;ok;"локальная модель, без API; ручной визуальный аудит; авто: D7 габарит пара"
245;P15_1044;5223;5,223;401 + 1065 + 708 + 1230 + 1200 + 619 = 5223 мм;ok;"локальная модель, без API; ручной визуальный аудит"
246;P15_1044;2236;2,236;26 + 416 + 154 + 168 + 166 + 168 + 355 + 188 + 154 + 441 = 2236 мм;ok;"локальная модель, без API; авто: D2 вернул участок; ручной визуальный аудит; авто: D7 штурвал, D9 штурвал, D11 штурвал, D16 штурвал, D14 внутри D15"
247;P15_1044;14373;14,373;2384 + 700 + 819 + 954 + 187 + 146 + 50 + 2129 + 397 + 242 + 2075 + 203 + 210 + 312 + 234 + 425 + 168 + 2421 + 317 = 14373 мм;ok;"локальная модель, без API; авто: D11 внутри D17, D19 внутри D18, D20 внутри D21; ручной визуальный аудит; авто: D19 внутри D18"
248;P15_1044;5409;5,409;198 + 561 + 300 + 198 + 317 + 275 + 168 + 146 + 1050 + 168 + 146 + 275 + 315 + 354 + 200 + 182 + 159 + 173 + 224 = 5409 мм;ok;"локальная модель, без API; авто: D1 штурвал, D5 штурвал, D18 штурвал; ручной визуальный аудит; авто: D1 штурвал, D5 штурвал, D8 штурвал, D18 штурвал"
249;P15_1044;0;0,000;нет включённых размеров;error;"локальная модель, без API; ручной визуальный аудит"
250;P15_1044;5391;5,391;163 + 283 + 200 + 200 + 430 + 1050 + 897 + 1735 + 182 + 251 = 5391 мм;ok;"локальная модель, без API; авто: D8 внутри D9; авто: D7 внутри D8; авто: D8 вернул полный участок; ручной визуальный аудит; авто: D8 внутри участка, D8 вернул полный участок; авто: D8 внутри участка, D8 вернул полный участок"
251;P15_1045;42148;42,148;3100 + 5100 + 300 + 5650 + 4750 + 21500 + 998 + 750 = 42148 мм;ok;"локальная модель, без API; авто: D4 вернул участок, D6 вернул участок, D12 вернул участок, D15 полный размер, D12 опора в D15, D13 опора в D15; авто: D15 габарит Н.О., D12 вернул участок, D13 вернул участок, D15 полный размер, D12 опора в D15, D13 опора в D15; авто: D15 габарит Н.О., D12 вернул участок, D13 вернул участок, D15 полный размер, D12 опора в D15, D13 опора в D15; авто: D15 габарит Н.О., D12 вернул участок, D13 вернул участок, D15 полный размер, D12 опора в D15, D13 опора в D15; авто: D15 габарит Н.О., D12 вернул участок, D13 вернул участок, D15 полный размер, D12 опора в D15, D13 опора в D15; авто: D15 габарит Н.О., D12 вернул участок, D13 вернул участок, D15 полный размер, D12 опора в D15, D13 опора в D15; авто: D15 габарит Н.О., D12 вернул участок, D13 вернул участок, D15 полный размер, D12 опора в D15, D13 опора в D15; авто: D15 габарит Н.О., D12 вернул участок, D13 вернул участок, D15 полный размер, D12 опора в D15, D13 опора в D15; авто: D15 габарит Н.О., D5 внутри D1, D8 внутри D9, D12 вернул участок, D13 вернул участок, D15 полный размер, D12 опора в D15, D13 опора в D15; авто: D15 габарит Н.О., D12 вернул участок, D13 вернул участок, D15 полный размер, D12 опора в D15, D13 опора в D15; авто: D15 габарит Н.О., D12 вернул участок, D13 вернул участок, D15 полный размер, D12 опора в D15, D13 опора в D15; ручной визуальный аудит; авто: D15 габарит Н.О., D18 габарит пара, D1 внутри D2, D10 внутри D15, D11 внутри D15, D14 внутри D15, D5 вернул участок, D17 вернул участок, D15 полный размер; авто: D15 габарит Н.О., D15 полный размер"
252;P22_1046;1170;1,170;138 + 230 + 471 + 331 = 1170 мм;ok;"локальная модель, без API; ручной визуальный аудит; авто: D5 штурвал, D7 штурвал"
253;P22_1046;2490;2,490;138 + 370 + 446 + 152 + 326 + 230 + 198 + 198 + 216 + 216 = 2490 мм;ok;"локальная модель, без API; ручной визуальный аудит"
254;P22_1046;10122;10,122;138 + 452 + 670 + 2269 + 3536 + 340 + 300 + 160 + 202 + 302 + 216 + 21 + 207 + 187 + 190 + 203 + 230 + 283 + 216 = 10122 мм;ok;"локальная модель, без API; авто: D7 вернул участок, D10 вернул участок, D13 вернул длину, D19 вернул длину, D21 вернул длину; авто: D10 внутри D9, D19 внутри D18; ручной визуальный аудит; авто: D11 полный участок, D20 полный участок, D13 вернул длину"
255;P22_1046;5838;5,838;216 + 216 + 198 + 350 + 334 + 1443 + 1524 + 318 + 228 + 213 + 190 + 228 + 380 = 5838 мм;ok;"локальная модель, без API; авто: D7 внутри D8; ручной визуальный аудит"
256;P22_1046;4419;4,419;80 + 1000 + 198 + 333 + 587 + 201 + 1739 + 201 + 80 = 4419 мм;ok;"локальная модель, без API; авто: D13 штурвал; авто: D10 внутри D11; ручной визуальный аудит; авто: D4 штурвал, D5 штурвал, D9 штурвал, D13 штурвал, D15 штурвал, D16 штурвал"
257;P22_1046;12175;12,175;353 + 457 + 201 + 190 + 948 + 536 + 432 + 1792 + 1000 + 2595 + 1500 + 225 + 459 + 600 + 263 + 624 = 12175 мм;ok;"локальная модель, без API; авто: D10 внутри D13, D15 внутри D18; ручной визуальный аудит; авто: D10 внутри D13, D14 вернул участок; авто: D14 внутри участка, D14 вернул участок"
258;P22_1046;14065;14,065;318 + 1002 + 201 + 2245 + 3810 + 600 + 198 + 400 + 4107 + 228 + 318 + 318 + 200 + 120 = 14065 мм;ok;"локальная модель, без API; авто: D18 штурвал; авто: D6 внутри D14, D12 внутри D14, D13 внутри D14, D15 внутри D16; ручной визуальный аудит; авто: D4 штурвал, D5 габарит пара, D7 штурвал, D17 штурвал, D18 штурвал, D6 внутри D14, D12 внутри D14, D13 внутри D14"
259;UA_1002;4990;4,990;248 + 1858 + 424 + 300 + 300 + 584 + 170 + 134 + 272 + 244 + 232 + 224 = 4990 мм;ok;"локальная модель, без API; авто: D6 внутри D7; ручной визуальный аудит"
260;UA_1002;12774;12,774;460 + 723 + 1984 + 1384 + 340 + 4064 + 406 + 1900 + 244 + 200 + 145 + 289 + 635 = 12774 мм;ok;"локальная модель, без API; авто: D14 внутри D15; авто: D5 внутри D2, D14 вернул участок; ручной визуальный аудит; авто: D10 штурвал, D14 внутри участка, D5 вернул участок, D14 вернул участок; авто: D14 внутри участка, D14 вернул участок"
261;UA_1003;811;0,811;141 + 171 + 159 + 181 + 159 = 811 мм;ok;"локальная модель, без API; ручной визуальный аудит"
262;UA_1003;11265;11,265;464 + 640 + 181 + 50 + 2138 + 213 + 274 + 173 + 600 + 384 + 1614 + 2280 + 340 + 1914 = 11265 мм;ok;"локальная модель, без API; авто: D7 внутри D2; ручной визуальный аудит; авто: D7 вернул участок"
263;UA_1003;18048;18,048;120 + 666 + 342 + 7080 + 656 + 2344 + 329 + 1150 + 2750 + 1081 + 765 + 765 = 18048 мм;ok;"локальная модель, без API; авто: D11 габарит пара; авто: D4 внутри D5, D8 внутри D9; ручной визуальный аудит"
264;UA_1003;23269;23,269;50 + 35 + 1484 + 750 + 5316 + 272 + 4478 + 5600 + 800 + 1284 + 403 + 610 + 304 + 206 + 274 + 128 + 327 + 521 + 202 + 150 + 75 = 23269 мм;ok;"локальная модель, без API; авто: D9 вернул участок; авто: D3 внутри D22, D7 внутри D14, D19 внутри D5; ручной визуальный аудит; авто: D21 штурвал, D3 внутри D22, D7 вернул участок, D19 вернул участок"
265;UA_1003;3967;3,967;183 + 299 + 164 + 1246 + 450 + 219 + 181 + 171 + 181 + 154 + 385 + 334 = 3967 мм;ok;"локальная модель, без API; ручной визуальный аудит; авто: D7 опора, D10 опора, D15 опора"
266;UA_1004;2341;2,341;139 + 50 + 2152 = 2341 мм;ok;"локальная модель, без API; авто: D2 габарит пара; ручной визуальный аудит; авто: D2 габарит пара"
267;UA_1006;2813;2,813;448 + 570 + 1000 + 795 = 2813 мм;ok;"локальная модель, без API; ручной визуальный аудит"
268;CO_0091;18000;18,000;580 + 3200 + 6800 + 1522 + 1450 + 900 + 2435 + 223 + 665 + 225 = 18000 мм;ok;"локальная модель, без API; авто: D13 внутри D11, D5 вернул длину, D6 вернул длину, D11 вернул длину, D12 вернул длину; авто: D12 внутри D6; авто: D11 внутри D12, D12 вернул полный участок, D13 вернул участок; ручной визуальный аудит; авто: D14 штурвал, D5 внутри D6, D7 внутри D8, D12 внутри участка, D13 внутри участка, D12 вернул полный участок, D13 вернул участок; авто: D12 внутри участка, D13 внутри участка, D12 вернул полный участок, D13 вернул участок"
269;CO_0091;4318;4,318;167 + 134 + 290 + 550 + 223 + 244 + 198 + 783 + 244 + 985 + 500 = 4318 мм;ok;"локальная модель, без API; авто: D4 вернул участок, D11 вернул длину; авто: D1 внутри D4, D2 внутри D6; ручной визуальный аудит; авто: D1 внутри D4"
270;CO_0103;9092;9,092;942 + 8150 = 9092 мм;ok;"локальная модель, без API; авто: D4 вернул участок; авто: D2 внутри D4; ручной визуальный аудит; авто: D3 внутри D4"
271;HI_0001;11902;11,902;1250 + 3850 + 2009 + 1950 + 950 + 900 + 750 + 243 = 11902 мм;ok;"локальная модель, без API; авто: D9 внутри D6; авто: D3 внутри D4, D9 вернул полный участок; ручной визуальный аудит; авто: D1 опора, D12 опора, D13 опора, D9 внутри участка, D9 вернул полный участок; авто: D9 внутри участка, D9 вернул полный участок"
272;HI_0001;32641;32,641;75 + 900 + 300 + 550 + 2973 + 3027 + 7550 + 400 + 9100 + 740 + 3016 + 3010 + 955 + 45 = 32641 мм;ok;"локальная модель, без API; авто: D11 вернул участок, D15 вернул участок; авто: D12 вернул участок; авто: D11 внутри D12; авто: D9 внутри D12, D14 внутри D11, D15 внутри D13, D11 вернул полный участок, D13 вернул полный участок; ручной визуальный аудит; авто: D10 внутри D12, D11 внутри D12, D13 внутри участка, D13 вернул полный участок, D14 вернул участок; авто: D13 внутри участка, D13 вернул полный участок"
273;HI_0001;5643;5,643;120 + 700 + 201 + 2240 + 212 + 380 + 32 + 268 + 1410 + 80 = 5643 мм;ok;"локальная модель, без API; авто: D2 вернул длину, D3 вернул длину, D4 вернул длину, D8 вернул длину; авто: D2 внутри D3; ручной визуальный аудит; авто: D5 штурвал, D11 штурвал"
274;HI_0001;12221;12,221;220 + 420 + 201 + 2239 + 200 + 790 + 198 + 258 + 318 + 470 + 400 + 3406 + 904 + 1454 + 201 + 224 + 318 = 12221 мм;ok;"локальная модель, без API; авто: D18 штурвал, D3 внутри D2, D1 вернул длину, D2 вернул длину; авто: D15 внутри D14; ручной визуальный аудит; авто: D4 штурвал, D18 штурвал, D3 вернул участок, D15 вернул участок; авто: D3 внутри участка, D3 вернул участок"
275;HI_0001;8674;8,674;258 + 790 + 198 + 241 + 550 + 2384 + 201 + 50 + 2498 + 200 + 463 + 380 + 201 + 241 + 19 = 8674 мм;ok;"локальная модель, без API; авто: D11 штурвал, D25 штурвал, D9 внутри D10, D1 вернул длину, D13 вернул длину, D17 вернул длину, D18 вернул длину, D30 вернул длину; авто: D7 внутри D2, D17 внутри D19, D20 внутри D25, D30 внутри D15, D9 вернул участок; ручной визуальный аудит; авто: D4 штурвал, D8 штурвал, D11 штурвал, D12 толщина изоляции, D14 штурвал, D22 штурвал, D23 полный участок, D25 штурвал, D9 внутри участка, D9 вернул участок, D17 вернул участок, D30 вернул длину; авто: D9 внутри участка, D9 вернул участок"
276;HI_0001;24011;24,011;198 + 201 + 190 + 250 + 120 + 1847 + 700 + 895 + 13950 + 2000 + 3660 = 24011 мм;ok;"локальная модель, без API; авто: D10 внутри D9; ручной визуальный аудит; авто: D12 полный размер, D9 опора в D12, D11 опора в D12; авто: D12 габарит Н.О., D9 вернул полный участок, D11 вернул участок, D12 полный размер, D9 опора в D12, D11 опора в D12"
277;IA_0001;28019;28,019;1600 + 11000 + 2450 + 2100 + 950 + 350 + 6023 + 1210 + 480 + 218 + 1406 + 232 = 28019 мм;ok;"локальная модель, без API; авто: D3 вернул участок, D4 вернул участок; авто: D2 внутри D4, D3 внутри D4, D7 внутри D8, D9 внутри D10, D12 внутри D13; ручной визуальный аудит; авто: D16 габарит пара"
;итого;4087287;4087,287;;;
